step,objects,heap_used,fragmentation,roots,pinned,query_shape,hit_at_1,hit_at_3,mrr_increment,gc_cycles_total,gc_cycles_delta,gc_freed
1,1,323,0.0,0,0,formation,0,0,0.0,0,0,0
2,2,648,0.0,0,0,disk,0,0,0.0,0,0,0
3,3,965,0.0,0,0,circle,0,0,0.0,0,0,0
4,4,1284,0.0,0,0,cigar,0,0,0.0,0,0,0
5,5,1599,0.0,0,0,light,0,0,0.0,0,0,0
6,6,1914,0.0,0,0,light,0,0,0.0,0,0,0
7,7,2235,0.0,0,0,fireball,0,0,0.0,0,0,0
8,8,2558,0.0,0,0,triangle,0,0,0.0,0,0,0
9,9,2867,0.0,0,0,oval,0,0,0.0,0,0,0
10,10,3176,0.0,0,0,disk,0,0,0.0,0,0,0
11,11,3493,0.0,0,0,oval,0,0,0.0,0,0,0
12,12,3818,0.0,0,0,disk,0,0,0.0,0,0,0
13,13,4135,0.0,0,0,disk,0,0,0.0,0,0,0
14,14,4460,0.0,0,0,rectangle,0,0,0.0,0,0,0
15,15,4775,0.0,0,0,diamond,1,1,1.0,0,0,0
16,16,5098,0.0,0,0,formation,0,0,0.0,0,0,0
17,17,5411,0.0,0,0,disk,0,0,0.0,0,0,0
18,18,5726,0.0,0,0,cigar,0,0,0.0,0,0,0
19,19,6041,0.0,0,0,oval,0,0,0.0,0,0,0
20,20,6364,0.0,0,0,cigar,0,0,0.0,0,0,0
21,21,6675,0.0,0,0,light,0,0,0.0,0,0,0
22,22,6990,0.0,0,0,disk,0,0,0.0,0,0,0
23,23,7309,0.0,0,0,disk,0,0,0.0,0,0,0
24,24,7624,0.0,0,0,disk,0,0,0.0,0,0,0
25,25,7933,0.0,0,0,circle,0,0,0.0,0,0,0
26,1,309,0.0,0,0,disk,0,0,0.0,1,1,25
27,2,670,0.0,0,0,light,0,0,0.0,1,0,0
28,3,983,0.0,0,0,sphere,0,0,0.0,1,0,0
29,4,1298,0.0,0,0,light,0,0,0.0,1,0,0
30,5,1621,0.0,0,0,oval,1,1,1.0,1,0,0
31,6,1936,0.0,0,0,light,0,0,0.0,1,0,0
32,7,2259,0.0,0,0,light,0,0,0.0,1,0,0
33,8,2580,0.0,0,0,formation,0,0,0.0,1,0,0
34,9,2899,0.0,0,0,formation,0,0,0.0,1,0,0
35,10,3216,0.0,0,0,sphere,0,0,0.0,1,0,0
36,11,3537,0.0,0,0,disk,0,0,0.0,1,0,0
37,12,3850,0.0,0,0,disk,0,0,0.0,1,0,0
38,13,4177,0.0,0,0,fireball,0,0,0.0,1,0,0
39,14,4494,0.0,0,0,,0,0,0.0,1,0,0
40,15,4809,0.0,0,0,disk,0,0,0.0,1,0,0
41,16,5120,0.0,0,0,disk,0,0,0.0,1,0,0
42,17,5425,0.0,0,0,oval,0,0,0.0,1,0,0
43,18,5742,0.0,0,0,circle,0,0,0.0,1,0,0
44,19,6055,0.0,0,0,circle,0,0,0.0,1,0,0
45,20,6370,0.0,0,0,cigar,1,1,1.0,1,0,0
46,21,6675,0.0,0,0,disk,0,0,0.0,1,0,0
47,22,6990,0.0,0,0,light,0,0,0.0,1,0,0
48,23,7301,0.0,0,0,oval,0,0,0.0,1,0,0
49,24,7616,0.0,0,0,cigar,0,0,0.0,1,0,0
50,25,7939,0.0,0,0,triangle,0,0,0.0,1,0,0
51,1,317,0.0,0,0,light,0,0,0.0,2,1,25
52,2,634,0.0,0,0,light,0,0,0.0,2,0,0
53,3,949,0.0,0,0,circle,0,0,0.0,2,0,0
54,4,1258,0.0,0,0,disk,0,0,0.0,2,0,0
55,5,1579,0.0,0,0,cigar,0,0,0.0,2,0,0
56,6,1903,0.0,0,0,triangle,0,0,0.0,2,0,0
57,7,2222,0.0,0,0,oval,0,0,0.0,2,0,0
58,8,2545,0.0,0,0,disk,0,0,0.0,2,0,0
59,9,2850,0.0,0,0,disk,0,0,0.0,2,0,0
60,10,3165,0.0,0,0,sphere,1,1,1.0,2,0,0
61,11,3492,0.0,0,0,disk,0,0,0.0,2,0,0
62,12,3811,0.0,0,0,disk,0,0,0.0,2,0,0
63,13,4136,0.0,0,0,fireball,0,0,0.0,2,0,0
64,14,4447,0.0,0,0,disk,0,0,0.0,2,0,0
65,15,4770,0.0,0,0,oval,0,0,0.0,2,0,0
66,16,5083,0.0,0,0,,0,0,0.0,2,0,0
67,17,5432,0.0,0,0,formation,0,0,0.0,2,0,0
68,18,5757,0.0,0,0,formation,0,0,0.0,2,0,0
69,19,6076,0.0,0,0,disk,0,0,0.0,2,0,0
70,20,6391,0.0,0,0,,0,0,0.0,2,0,0
71,21,6705,0.0,0,0,cylinder,0,0,0.0,2,0,0
72,22,7018,0.0,0,0,circle,0,0,0.0,2,0,0
73,23,7339,0.0,0,0,formation,0,0,0.0,2,0,0
74,24,7654,0.0,0,0,,0,0,0.0,2,0,0
75,25,7977,0.0,0,0,other,1,1,1.0,2,0,0
76,1,315,0.0,0,0,egg,0,0,0.0,3,1,25
77,2,636,0.0,0,0,chevron,0,0,0.0,3,0,0
78,3,947,0.0,0,0,disk,0,0,0.0,3,0,0
79,4,1274,0.0,0,0,,0,0,0.0,3,0,0
80,5,1587,0.0,0,0,sphere,0,0,0.0,3,0,0
81,6,1906,0.0,0,0,disk,0,0,0.0,3,0,0
82,7,2231,0.0,0,0,cigar,0,0,0.0,3,0,0
83,8,2544,0.0,0,0,disk,0,0,0.0,3,0,0
84,9,2865,0.0,0,0,other,0,0,0.0,3,0,0
85,10,3172,0.0,0,0,sphere,0,0,0.0,3,0,0
86,11,3483,0.0,0,0,oval,0,0,0.0,3,0,0
87,12,3805,0.0,0,0,circle,0,0,0.0,3,0,0
88,13,4130,0.0,0,0,cylinder,0,0,0.0,3,0,0
89,14,4445,0.0,0,0,sphere,0,0,0.0,3,0,0
90,15,4762,0.0,0,0,disk,1,1,1.0,3,0,0
91,16,5071,0.0,0,0,disk,0,0,0.0,3,0,0
92,17,5386,0.0,0,0,light,0,0,0.0,3,0,0
93,18,5705,0.0,0,0,sphere,0,0,0.0,3,0,0
94,19,6024,0.0,0,0,disk,0,0,0.0,3,0,0
95,20,6349,0.0,0,0,other,0,0,0.0,3,0,0
96,21,6662,0.0,0,0,disk,0,0,0.0,3,0,0
97,22,6981,0.0,0,0,circle,0,0,0.0,3,0,0
98,23,7294,0.0,0,0,disk,0,0,0.0,3,0,0
99,24,7609,0.0,0,0,cigar,0,0,0.0,3,0,0
100,25,7934,0.0,0,0,disk,0,0,0.0,3,0,0
101,1,325,0.0,0,0,other,0,0,0.0,4,1,25
102,2,642,0.0,0,0,cylinder,0,0,0.0,4,0,0
103,3,963,0.0,0,0,triangle,0,0,0.0,4,0,0
104,4,1288,0.0,0,0,circle,0,0,0.0,4,0,0
105,5,1617,0.0,0,0,circle,1,1,1.0,4,0,0
106,6,1928,0.0,0,0,light,0,0,0.0,4,0,0
107,7,2277,0.0,0,0,other,0,0,0.0,4,0,0
108,8,2590,0.0,0,0,light,0,0,0.0,4,0,0
109,9,2917,0.0,0,0,diamond,0,0,0.0,4,0,0
110,10,3234,0.0,0,0,light,0,0,0.0,4,0,0
111,11,3559,0.0,0,0,rectangle,0,0,0.0,4,0,0
112,12,3886,0.0,0,0,light,0,0,0.0,4,0,0
113,13,4207,0.0,0,0,,0,0,0.0,4,0,0
114,14,4530,0.0,0,0,,0,0,0.0,4,0,0
115,15,4855,0.0,0,0,circle,0,0,0.0,4,0,0
116,16,5174,0.0,0,0,disk,0,0,0.0,4,0,0
117,17,5493,0.0,0,0,disk,0,0,0.0,4,0,0
118,18,5816,0.0,0,0,,0,0,0.0,4,0,0
119,19,6131,0.0,0,0,disk,0,0,0.0,4,0,0
120,20,6460,0.0,0,0,disk,1,1,1.0,4,0,0
121,21,6791,0.0,0,0,light,0,0,0.0,4,0,0
122,22,7100,0.0,0,0,disk,0,0,0.0,4,0,0
123,23,7403,0.0,0,0,oval,0,0,0.0,4,0,0
124,24,7731,0.0,0,0,sphere,0,0,0.0,4,0,0
125,25,8048,0.0,0,0,disk,0,0,0.0,4,0,0
126,1,311,0.0,0,0,other,0,0,0.0,5,1,25
127,2,632,0.0,0,0,light,0,0,0.0,5,0,0
128,3,949,0.0,0,0,,0,0,0.0,5,0,0
129,4,1260,0.0,0,0,circle,0,0,0.0,5,0,0
130,5,1575,0.0,0,0,,0,0,0.0,5,0,0
131,6,1888,0.0,0,0,oval,0,0,0.0,5,0,0
132,7,2201,0.0,0,0,disk,0,0,0.0,5,0,0
133,8,2530,0.0,0,0,cylinder,0,0,0.0,5,0,0
134,9,2847,0.0,0,0,sphere,0,0,0.0,5,0,0
135,10,3170,0.0,0,0,light,1,1,1.0,5,0,0
136,11,3489,0.0,0,0,disk,0,0,0.0,5,0,0
137,12,3802,0.0,0,0,disk,0,0,0.0,5,0,0
138,13,4141,0.0,0,0,fireball,0,0,0.0,5,0,0
139,14,4462,0.0,0,0,,0,0,0.0,5,0,0
140,15,4779,0.0,0,0,light,0,0,0.0,5,0,0
141,16,5096,0.0,0,0,various,0,0,0.0,5,0,0
142,17,5409,0.0,0,0,cigar,0,0,0.0,5,0,0
143,18,5722,0.0,0,0,other,0,0,0.0,5,0,0
144,19,6045,0.0,0,0,disk,0,0,0.0,5,0,0
145,20,6380,0.0,0,0,,0,0,0.0,5,0,0
146,21,6713,0.0,0,0,formation,0,0,0.0,5,0,0
147,22,7036,0.0,0,0,triangle,0,0,0.0,5,0,0
148,23,7355,0.0,0,0,disk,0,0,0.0,5,0,0
149,24,7678,0.0,0,0,cigar,0,0,0.0,5,0,0
150,25,8007,0.0,0,0,light,1,1,1.0,5,0,0
151,1,317,0.0,0,0,disk,0,0,0.0,6,1,25
152,2,632,0.0,0,0,oval,0,0,0.0,6,0,0
153,3,937,0.0,0,0,oval,0,0,0.0,6,0,0
154,4,1254,0.0,0,0,disk,0,0,0.0,6,0,0
155,5,1579,0.0,0,0,cross,0,0,0.0,6,0,0
156,6,1898,0.0,0,0,other,0,0,0.0,6,0,0
157,7,2219,0.0,0,0,egg,0,0,0.0,6,0,0
158,8,2532,0.0,0,0,disk,0,0,0.0,6,0,0
159,9,2859,0.0,0,0,disk,0,0,0.0,6,0,0
160,10,3174,0.0,0,0,cigar,0,0,0.0,6,0,0
161,11,3503,0.0,0,0,diamond,0,0,0.0,6,0,0
162,12,3820,0.0,0,0,disk,0,0,0.0,6,0,0
163,13,4135,0.0,0,0,disk,0,0,0.0,6,0,0
164,14,4446,0.0,0,0,light,0,0,0.0,6,0,0
165,15,4765,0.0,0,0,circle,1,1,1.0,6,0,0
166,16,5078,0.0,0,0,disk,0,0,0.0,6,0,0
167,17,5397,0.0,0,0,rectangle,0,0,0.0,6,0,0
168,18,5746,0.0,0,0,disk,0,0,0.0,6,0,0
169,19,6059,0.0,0,0,disk,0,0,0.0,6,0,0
170,20,6388,0.0,0,0,disk,0,0,0.0,6,0,0
171,21,6713,0.0,0,0,disk,0,0,0.0,6,0,0
172,22,7030,0.0,0,0,,0,0,0.0,6,0,0
173,23,7355,0.0,0,0,,0,0,0.0,6,0,0
174,24,7676,0.0,0,0,fireball,0,0,0.0,6,0,0
175,25,7999,0.0,0,0,,0,0,0.0,6,0,0
176,1,317,0.0,0,0,disk,0,0,0.0,7,1,25
177,2,646,0.0,0,0,circle,0,0,0.0,7,0,0
178,3,961,0.0,0,0,cigar,0,0,0.0,7,0,0
179,4,1284,0.0,0,0,diamond,0,0,0.0,7,0,0
180,5,1601,0.0,0,0,other,1,1,1.0,7,0,0
181,6,1916,0.0,0,0,disk,0,0,0.0,7,0,0
182,7,2229,0.0,0,0,oval,0,0,0.0,7,0,0
183,8,2540,0.0,0,0,light,0,0,0.0,7,0,0
184,9,2851,0.0,0,0,disk,0,0,0.0,7,0,0
185,10,3178,0.0,0,0,formation,0,0,0.0,7,0,0
186,11,3483,0.0,0,0,disk,0,0,0.0,7,0,0
187,12,3814,0.0,0,0,egg,0,0,0.0,7,0,0
188,13,4137,0.0,0,0,oval,0,0,0.0,7,0,0
189,14,4446,0.0,0,0,other,0,0,0.0,7,0,0
190,15,4759,0.0,0,0,sphere,0,0,0.0,7,0,0
191,16,5072,0.0,0,0,disk,0,0,0.0,7,0,0
192,17,5391,0.0,0,0,,0,0,0.0,7,0,0
193,18,5716,0.0,0,0,rectangle,0,0,0.0,7,0,0
194,19,6029,0.0,0,0,disk,0,0,0.0,7,0,0
195,20,6348,0.0,0,0,circle,1,1,1.0,7,0,0
196,21,6669,0.0,0,0,disk,0,0,0.0,7,0,0
197,22,6990,0.0,0,0,disk,0,0,0.0,7,0,0
198,23,7317,0.0,0,0,fireball,0,0,0.0,7,0,0
199,24,7644,0.0,0,0,sphere,0,0,0.0,7,0,0
200,25,7945,0.0,0,0,egg,0,0,0.0,7,0,0
201,1,325,0.0,0,0,fireball,0,0,0.0,8,1,25
202,2,646,0.0,0,0,light,0,0,0.0,8,0,0
203,3,961,0.0,0,0,oval,0,0,0.0,8,0,0
204,4,1268,0.0,0,0,oval,0,0,0.0,8,0,0
205,5,1583,0.0,0,0,disk,0,0,0.0,8,0,0
206,6,1908,0.0,0,0,circle,0,0,0.0,8,0,0
207,7,2224,0.0,0,0,chevron,0,0,0.0,8,0,0
208,8,2549,0.0,0,0,disk,0,0,0.0,8,0,0
209,9,2877,0.0,0,0,various,0,0,0.0,8,0,0
210,10,3192,0.0,0,0,disk,1,1,1.0,8,0,0
211,11,3511,0.0,0,0,diamond,0,0,0.0,8,0,0
212,12,3840,0.0,0,0,circle,0,0,0.0,8,0,0
213,13,4157,0.0,0,0,disk,0,0,0.0,8,0,0
214,14,4478,0.0,0,0,,0,0,0.0,8,0,0
215,15,4803,0.0,0,0,,0,0,0.0,8,0,0
216,16,5120,0.0,0,0,other,0,0,0.0,8,0,0
217,17,5443,0.0,0,0,sphere,0,0,0.0,8,0,0
218,18,5764,0.0,0,0,cylinder,0,0,0.0,8,0,0
219,19,6079,0.0,0,0,disk,0,0,0.0,8,0,0
220,20,6396,0.0,0,0,egg,0,0,0.0,8,0,0
221,21,6715,0.0,0,0,rectangle,0,0,0.0,8,0,0
222,22,7034,0.0,0,0,,0,0,0.0,8,0,0
223,23,7363,0.0,0,0,formation,0,0,0.0,8,0,0
224,24,7684,0.0,0,0,light,0,0,0.0,8,0,0
225,25,8011,0.0,0,0,circle,1,1,1.0,8,0,0
226,1,311,0.0,0,0,oval,0,0,0.0,9,1,25
227,2,620,0.0,0,0,disk,0,0,0.0,9,0,0
228,3,929,0.0,0,0,cigar,0,0,0.0,9,0,0
229,4,1240,0.0,0,0,oval,0,0,0.0,9,0,0
230,5,1561,0.0,0,0,light,0,0,0.0,9,0,0
231,6,1882,0.0,0,0,circle,0,0,0.0,9,0,0
232,7,2203,0.0,0,0,,0,0,0.0,9,0,0
233,8,2512,0.0,0,0,disk,0,0,0.0,9,0,0
234,9,2837,0.0,0,0,other,0,0,0.0,9,0,0
235,10,3156,0.0,0,0,circle,0,0,0.0,9,0,0
236,11,3481,0.0,0,0,disk,0,0,0.0,9,0,0
237,12,3808,0.0,0,0,disk,0,0,0.0,9,0,0
238,13,4115,0.0,0,0,oval,0,0,0.0,9,0,0
239,14,4421,0.0,0,0,cigar,0,0,0.0,9,0,0
240,15,4740,0.0,0,0,light,1,1,1.0,9,0,0
241,16,5057,0.0,0,0,egg,0,0,0.0,9,0,0
242,17,5366,0.0,0,0,disk,0,0,0.0,9,0,0
243,18,5687,0.0,0,0,chevron,0,0,0.0,9,0,0
244,19,6010,0.0,0,0,other,0,0,0.0,9,0,0
245,20,6335,0.0,0,0,other,0,0,0.0,9,0,0
246,21,6652,0.0,0,0,sphere,0,0,0.0,9,0,0
247,22,6965,0.0,0,0,disk,0,0,0.0,9,0,0
248,23,7284,0.0,0,0,other,0,0,0.0,9,0,0
249,24,7599,0.0,0,0,light,0,0,0.0,9,0,0
250,25,7916,0.0,0,0,sphere,0,0,0.0,9,0,0
251,1,329,0.0,0,0,cylinder,0,0,0.0,10,1,25
252,2,646,0.0,0,0,light,0,0,0.0,10,0,0
253,3,983,0.0,0,0,circle,0,0,0.0,10,0,0
254,4,1294,0.0,0,0,other,0,0,0.0,10,0,0
255,5,1607,0.0,0,0,circle,1,1,1.0,10,0,0
256,6,1926,0.0,0,0,,0,0,0.0,10,0,0
257,7,2255,0.0,0,0,teardrop,0,0,0.0,10,0,0
258,8,2574,0.0,0,0,cigar,0,0,0.0,10,0,0
259,9,2891,0.0,0,0,circle,0,0,0.0,10,0,0
260,10,3210,0.0,0,0,oval,0,0,0.0,10,0,0
261,11,3523,0.0,0,0,,0,0,0.0,10,0,0
262,12,3840,0.0,0,0,cigar,0,0,0.0,10,0,0
263,13,4145,0.0,0,0,sphere,0,0,0.0,10,0,0
264,14,4458,0.0,0,0,disk,0,0,0.0,10,0,0
265,15,4777,0.0,0,0,circle,0,0,0.0,10,0,0
266,16,5092,0.0,0,0,,0,0,0.0,10,0,0
267,17,5397,0.0,0,0,disk,0,0,0.0,10,0,0
268,18,5716,0.0,0,0,cigar,0,0,0.0,10,0,0
269,19,6029,0.0,0,0,cigar,0,0,0.0,10,0,0
270,20,6350,0.0,0,0,cigar,1,1,1.0,10,0,0
271,21,6657,0.0,0,0,disk,0,0,0.0,10,0,0
272,22,6974,0.0,0,0,,0,0,0.0,10,0,0
273,23,7291,0.0,0,0,light,0,0,0.0,10,0,0
274,24,7610,0.0,0,0,light,0,0,0.0,10,0,0
275,25,7931,0.0,0,0,circle,0,0,0.0,10,0,0
276,1,323,0.0,0,0,light,0,0,0.0,11,1,25
277,2,640,0.0,0,0,light,0,0,0.0,11,0,0
278,3,961,0.0,0,0,disk,0,0,0.0,11,0,0
279,4,1290,0.0,0,0,various,0,0,0.0,11,0,0
280,5,1599,0.0,0,0,other,0,0,0.0,11,0,0
281,6,1906,0.0,0,0,egg,0,0,0.0,11,0,0
282,7,2235,0.0,0,0,cylinder,0,0,0.0,11,0,0
283,8,2543,0.0,0,0,light,0,0,0.0,11,0,0
284,9,2856,0.0,0,0,other,0,0,0.0,11,0,0
285,10,3177,0.0,0,0,chevron,1,1,1.0,11,0,0
286,11,3494,0.0,0,0,fireball,0,0,0.0,11,0,0
287,12,3816,0.0,0,0,circle,0,0,0.0,11,0,0
288,13,4145,0.0,0,0,oval,0,0,0.0,11,0,0
289,14,4468,0.0,0,0,disk,0,0,0.0,11,0,0
290,15,4785,0.0,0,0,disk,0,0,0.0,11,0,0
291,16,5100,0.0,0,0,light,0,0,0.0,11,0,0
292,17,5421,0.0,0,0,,0,0,0.0,11,0,0
293,18,5740,0.0,0,0,diamond,0,0,0.0,11,0,0
294,19,6064,0.0,0,0,cigar,0,0,0.0,11,0,0
295,20,6399,0.0,0,0,cigar,0,0,0.0,11,0,0
296,21,6720,0.0,0,0,other,0,0,0.0,11,0,0
297,22,7038,0.0,0,0,circle,0,0,0.0,11,0,0
298,23,7357,0.0,0,0,disk,0,0,0.0,11,0,0
299,24,7672,0.0,0,0,flash,0,0,0.0,11,0,0
300,25,7982,0.0,0,0,disk,1,1,1.0,11,0,0
301,1,315,0.0,0,0,light,0,0,0.0,12,1,25
302,2,632,0.0,0,0,cigar,0,0,0.0,12,0,0
303,3,951,0.0,0,0,other,0,0,0.0,12,0,0
304,4,1268,0.0,0,0,disk,0,0,0.0,12,0,0
305,5,1581,0.0,0,0,,0,0,0.0,12,0,0
306,6,1900,0.0,0,0,oval,0,0,0.0,12,0,0
307,7,2221,0.0,0,0,triangle,0,0,0.0,12,0,0
308,8,2532,0.0,0,0,light,0,0,0.0,12,0,0
309,9,2845,0.0,0,0,disk,0,0,0.0,12,0,0
310,10,3164,0.0,0,0,rectangle,0,0,0.0,12,0,0
311,11,3477,0.0,0,0,disk,0,0,0.0,12,0,0
312,12,3800,0.0,0,0,other,0,0,0.0,12,0,0
313,13,4109,0.0,0,0,disk,0,0,0.0,12,0,0
314,14,4422,0.0,0,0,disk,0,0,0.0,12,0,0
315,15,4751,0.0,0,0,cigar,1,1,1.0,12,0,0
316,16,5068,0.0,0,0,sphere,0,0,0.0,12,0,0
317,17,5383,0.0,0,0,other,0,0,0.0,12,0,0
318,18,5716,0.0,0,0,fireball,0,0,0.0,12,0,0
319,19,6039,0.0,0,0,,0,0,0.0,12,0,0
320,20,6350,0.0,0,0,cigar,0,0,0.0,12,0,0
321,21,6667,0.0,0,0,other,0,0,0.0,12,0,0
322,22,6984,0.0,0,0,sphere,0,0,0.0,12,0,0
323,23,7303,0.0,0,0,sphere,0,0,0.0,12,0,0
324,24,7624,0.0,0,0,other,0,0,0.0,12,0,0
325,25,7941,0.0,0,0,sphere,0,0,0.0,12,0,0
326,1,321,0.0,0,0,,0,0,0.0,13,1,25
327,2,632,0.0,0,0,cigar,0,0,0.0,13,0,0
328,3,955,0.0,0,0,triangle,0,0,0.0,13,0,0
329,4,1272,0.0,0,0,sphere,0,0,0.0,13,0,0
330,5,1595,0.0,0,0,,0,0,0.0,13,0,0
331,6,1914,0.0,0,0,light,0,0,0.0,13,0,0
332,7,2227,0.0,0,0,egg,0,0,0.0,13,0,0
333,8,2545,0.0,0,0,light,0,0,0.0,13,0,0
334,9,2870,0.0,0,0,cylinder,0,0,0.0,13,0,0
335,10,3185,0.0,0,0,cigar,0,0,0.0,13,0,0
336,11,3500,0.0,0,0,circle,0,0,0.0,13,0,0
337,12,3813,0.0,0,0,egg,0,0,0.0,13,0,0
338,13,4128,0.0,0,0,sphere,0,0,0.0,13,0,0
339,14,4453,0.0,0,0,sphere,0,0,0.0,13,0,0
340,15,4762,0.0,0,0,disk,0,0,0.0,13,0,0
341,16,5081,0.0,0,0,cigar,0,0,0.0,13,0,0
342,17,5392,0.0,0,0,oval,0,0,0.0,13,0,0
343,18,5701,0.0,0,0,sphere,0,0,0.0,13,0,0
344,19,6014,0.0,0,0,light,0,0,0.0,13,0,0
345,20,6351,0.0,0,0,disk,1,1,1.0,13,0,0
346,21,6670,0.0,0,0,cigar,0,0,0.0,13,0,0
347,22,6989,0.0,0,0,disk,0,0,0.0,13,0,0
348,23,7306,0.0,0,0,,0,0,0.0,13,0,0
349,24,7631,0.0,0,0,cigar,0,0,0.0,13,0,0
350,25,7942,0.0,0,0,oval,0,0,0.0,13,0,0
351,1,327,0.0,0,0,fireball,0,0,0.0,14,1,25
352,2,640,0.0,0,0,circle,0,0,0.0,14,0,0
353,3,957,0.0,0,0,disk,0,0,0.0,14,0,0
354,4,1276,0.0,0,0,sphere,0,0,0.0,14,0,0
355,5,1597,0.0,0,0,cigar,0,0,0.0,14,0,0
356,6,1908,0.0,0,0,cigar,0,0,0.0,14,0,0
357,7,2219,0.0,0,0,light,0,0,0.0,14,0,0
358,8,2540,0.0,0,0,triangle,0,0,0.0,14,0,0
359,9,2857,0.0,0,0,disk,0,0,0.0,14,0,0
360,10,3174,0.0,0,0,circle,1,1,1.0,14,0,0
361,11,3489,0.0,0,0,cigar,0,0,0.0,14,0,0
362,12,3816,0.0,0,0,,0,0,0.0,14,0,0
363,13,4131,0.0,0,0,light,0,0,0.0,14,0,0
364,14,4448,0.0,0,0,various,0,0,0.0,14,0,0
365,15,4761,0.0,0,0,disk,0,0,0.0,14,0,0
366,16,5064,0.0,0,0,disk,0,0,0.0,14,0,0
367,17,5383,0.0,0,0,,0,0,0.0,14,0,0
368,18,5696,0.0,0,0,oval,0,0,0.0,14,0,0
369,19,6021,0.0,0,0,disk,0,0,0.0,14,0,0
370,20,6340,0.0,0,0,,0,0,0.0,14,0,0
371,21,6646,0.0,0,0,disk,0,0,0.0,14,0,0
372,22,6965,0.0,0,0,disk,0,0,0.0,14,0,0
373,23,7296,0.0,0,0,sphere,0,0,0.0,14,0,0
374,24,7606,0.0,0,0,sphere,0,0,0.0,14,0,0
375,25,7925,0.0,0,0,cigar,1,1,1.0,14,0,0
376,1,329,0.0,0,0,sphere,0,0,0.0,15,1,25
377,2,652,0.0,0,0,cylinder,0,0,0.0,15,0,0
378,3,965,0.0,0,0,disk,0,0,0.0,15,0,0
379,4,1276,0.0,0,0,disk,0,0,0.0,15,0,0
380,5,1590,0.0,0,0,disk,0,0,0.0,15,0,0
381,6,1899,0.0,0,0,disk,0,0,0.0,15,0,0
382,7,2228,0.0,0,0,rectangle,0,0,0.0,15,0,0
383,8,2541,0.0,0,0,light,0,0,0.0,15,0,0
384,9,2860,0.0,0,0,fireball,0,0,0.0,15,0,0
385,10,3181,0.0,0,0,light,0,0,0.0,15,0,0
386,11,3500,0.0,0,0,,0,0,0.0,15,0,0
387,12,3821,0.0,0,0,,0,0,0.0,15,0,0
388,13,4134,0.0,0,0,light,0,0,0.0,15,0,0
389,14,4455,0.0,0,0,other,0,0,0.0,15,0,0
390,15,4778,0.0,0,0,triangle,1,1,1.0,15,0,0
391,16,5093,0.0,0,0,disk,0,0,0.0,15,0,0
392,17,5414,0.0,0,0,other,0,0,0.0,15,0,0
393,18,5725,0.0,0,0,other,0,0,0.0,15,0,0
394,19,6036,0.0,0,0,disk,0,0,0.0,15,0,0
395,20,6359,0.0,0,0,disk,0,0,0.0,15,0,0
396,21,6686,0.0,0,0,sphere,0,0,0.0,15,0,0
397,22,6999,0.0,0,0,disk,0,0,0.0,15,0,0
398,23,7320,0.0,0,0,light,0,0,0.0,15,0,0
399,24,7633,0.0,0,0,oval,0,0,0.0,15,0,0
400,25,7961,0.0,0,0,sphere,0,0,0.0,15,0,0
401,1,321,0.0,0,0,,0,0,0.0,16,1,25
402,2,688,0.0,0,0,circle,0,0,0.0,16,0,0
403,3,1001,0.0,0,0,disk,0,0,0.0,16,0,0
404,4,1330,0.0,0,0,cylinder,0,0,0.0,16,0,0
405,5,1639,0.0,0,0,oval,1,1,1.0,16,0,0
406,6,1966,0.0,0,0,triangle,0,0,0.0,16,0,0
407,7,2287,0.0,0,0,cigar,0,0,0.0,16,0,0
408,8,2608,0.0,0,0,disk,0,0,0.0,16,0,0
409,9,2921,0.0,0,0,disk,0,0,0.0,16,0,0
410,10,3240,0.0,0,0,triangle,0,0,0.0,16,0,0
411,11,3559,0.0,0,0,circle,0,0,0.0,16,0,0
412,12,3884,0.0,0,0,triangle,0,0,0.0,16,0,0
413,13,4203,0.0,0,0,disk,0,0,0.0,16,0,0
414,14,4510,0.0,0,0,disk,0,0,0.0,16,0,0
415,15,4823,0.0,0,0,light,0,0,0.0,16,0,0
416,16,5132,0.0,0,0,oval,0,0,0.0,16,0,0
417,17,5457,0.0,0,0,,0,0,0.0,16,0,0
418,18,5768,0.0,0,0,oval,0,0,0.0,16,0,0
419,19,6091,0.0,0,0,,0,0,0.0,16,0,0
420,20,6400,0.0,0,0,oval,1,1,1.0,16,0,0
421,21,6717,0.0,0,0,circle,0,0,0.0,16,0,0
422,22,7042,0.0,0,0,,0,0,0.0,16,0,0
423,23,7357,0.0,0,0,other,0,0,0.0,16,0,0
424,24,7670,0.0,0,0,light,0,0,0.0,16,0,0
425,25,7991,0.0,0,0,,0,0,0.0,16,0,0
426,1,311,0.0,0,0,cigar,0,0,0.0,17,1,25
427,2,634,0.0,0,0,chevron,0,0,0.0,17,0,0
428,3,945,0.0,0,0,circle,0,0,0.0,17,0,0
429,4,1260,0.0,0,0,circle,0,0,0.0,17,0,0
430,5,1575,0.0,0,0,disk,0,0,0.0,17,0,0
431,6,1902,0.0,0,0,other,0,0,0.0,17,0,0
432,7,2207,0.0,0,0,sphere,0,0,0.0,17,0,0
433,8,2524,0.0,0,0,light,0,0,0.0,17,0,0
434,9,2835,0.0,0,0,disk,0,0,0.0,17,0,0
435,10,3164,0.0,0,0,sphere,1,1,1.0,17,0,0
436,11,3479,0.0,0,0,disk,0,0,0.0,17,0,0
437,12,3796,0.0,0,0,cylinder,0,0,0.0,17,0,0
438,13,4109,0.0,0,0,disk,0,0,0.0,17,0,0
439,14,4420,0.0,0,0,oval,0,0,0.0,17,0,0
440,15,4731,0.0,0,0,disk,0,0,0.0,17,0,0
441,16,5054,0.0,0,0,,0,0,0.0,17,0,0
442,17,5377,0.0,0,0,cigar,0,0,0.0,17,0,0
443,18,5706,0.0,0,0,disk,0,0,0.0,17,0,0
444,19,6018,0.0,0,0,sphere,0,0,0.0,17,0,0
445,20,6331,0.0,0,0,other,0,0,0.0,17,0,0
446,21,6638,0.0,0,0,disk,0,0,0.0,17,0,0
447,22,6953,0.0,0,0,other,0,0,0.0,17,0,0
448,23,7272,0.0,0,0,disk,0,0,0.0,17,0,0
449,24,7605,0.0,0,0,triangle,0,0,0.0,17,0,0
450,25,7930,0.0,0,0,light,1,1,1.0,17,0,0
451,1,310,0.0,0,0,cylinder,0,0,0.0,18,1,25
452,2,621,0.0,0,0,light,0,0,0.0,18,0,0
453,3,952,0.0,0,0,light,0,0,0.0,18,0,0
454,4,1267,0.0,0,0,light,0,0,0.0,18,0,0
455,5,1596,0.0,0,0,sphere,0,0,0.0,18,0,0
456,6,1913,0.0,0,0,triangle,0,0,0.0,18,0,0
457,7,2230,0.0,0,0,light,0,0,0.0,18,0,0
458,8,2549,0.0,0,0,,0,0,0.0,18,0,0
459,9,2872,0.0,0,0,circle,0,0,0.0,18,0,0
460,10,3193,0.0,0,0,disk,0,0,0.0,18,0,0
461,11,3506,0.0,0,0,,0,0,0.0,18,0,0
462,12,3831,0.0,0,0,circle,0,0,0.0,18,0,0
463,13,4152,0.0,0,0,,0,0,0.0,18,0,0
464,14,4471,0.0,0,0,fireball,0,0,0.0,18,0,0
465,15,4788,0.0,0,0,,0,0,0.0,18,0,0
466,16,5107,0.0,0,0,other,0,0,0.0,18,0,0
467,17,5436,0.0,0,0,fireball,0,0,0.0,18,0,0
468,18,5755,0.0,0,0,sphere,0,0,0.0,18,0,0
469,19,6082,0.0,0,0,disk,0,0,0.0,18,0,0
470,20,6403,0.0,0,0,circle,0,0,0.0,18,0,0
471,21,6724,0.0,0,0,fireball,0,0,0.0,18,0,0
472,22,7039,0.0,0,0,disk,0,0,0.0,18,0,0
473,23,7352,0.0,0,0,disk,0,0,0.0,18,0,0
474,24,7685,0.0,0,0,cylinder,0,0,0.0,18,0,0
475,25,8000,0.0,0,0,sphere,0,0,0.0,18,0,0
476,1,315,0.0,0,0,sphere,0,0,0.0,19,1,25
477,2,632,0.0,0,0,disk,0,0,0.0,19,0,0
478,3,953,0.0,0,0,light,0,0,0.0,19,0,0
479,4,1266,0.0,0,0,disk,0,0,0.0,19,0,0
480,5,1583,0.0,0,0,circle,1,1,1.0,19,0,0
481,6,1899,0.0,0,0,circle,0,0,0.0,19,0,0
482,7,2218,0.0,0,0,light,0,0,0.0,19,0,0
483,8,2531,0.0,0,0,,0,0,0.0,19,0,0
484,9,2852,0.0,0,0,triangle,0,0,0.0,19,0,0
485,10,3159,0.0,0,0,disk,0,0,0.0,19,0,0
486,11,3474,0.0,0,0,other,0,0,0.0,19,0,0
487,12,3793,0.0,0,0,other,0,0,0.0,19,0,0
488,13,4124,0.0,0,0,fireball,0,0,0.0,19,0,0
489,14,4449,0.0,0,0,,0,0,0.0,19,0,0
490,15,4760,0.0,0,0,oval,0,0,0.0,19,0,0
491,16,5081,0.0,0,0,,0,0,0.0,19,0,0
492,17,5390,0.0,0,0,oval,0,0,0.0,19,0,0
493,18,5727,0.0,0,0,triangle,0,0,0.0,19,0,0
494,19,6048,0.0,0,0,triangle,0,0,0.0,19,0,0
495,20,6377,0.0,0,0,circle,1,1,1.0,19,0,0
496,21,6702,0.0,0,0,disk,0,0,0.0,19,0,0
497,22,7015,0.0,0,0,triangle,0,0,0.0,19,0,0
498,23,7330,0.0,0,0,oval,0,0,0.0,19,0,0
499,24,7647,0.0,0,0,circle,0,0,0.0,19,0,0
500,25,7962,0.0,0,0,disk,0,0,0.0,19,0,0
501,1,327,0.0,0,0,light,0,0,0.0,20,1,25
502,2,640,0.0,0,0,light,0,0,0.0,20,0,0
503,3,959,0.0,0,0,circle,0,0,0.0,20,0,0
504,4,1278,0.0,0,0,sphere,0,0,0.0,20,0,0
505,5,1603,0.0,0,0,fireball,0,0,0.0,20,0,0
506,6,1928,0.0,0,0,sphere,0,0,0.0,20,0,0
507,7,2263,0.0,0,0,triangle,0,0,0.0,20,0,0
508,8,2576,0.0,0,0,other,0,0,0.0,20,0,0
509,9,2893,0.0,0,0,other,0,0,0.0,20,0,0
510,10,3216,0.0,0,0,,0,0,0.0,20,0,0
511,11,3533,0.0,0,0,cigar,0,0,0.0,20,0,0
512,12,3842,0.0,0,0,light,0,0,0.0,20,0,0
513,13,4171,0.0,0,0,cigar,0,0,0.0,20,0,0
514,14,4482,0.0,0,0,oval,0,0,0.0,20,0,0
515,15,4793,0.0,0,0,disk,0,0,0.0,20,0,0
516,16,5128,0.0,0,0,triangle,0,0,0.0,20,0,0
517,17,5455,0.0,0,0,other,0,0,0.0,20,0,0
518,18,5784,0.0,0,0,cylinder,0,0,0.0,20,0,0
519,19,6103,0.0,0,0,light,0,0,0.0,20,0,0
520,20,6413,0.0,0,0,circle,0,0,0.0,20,0,0
521,21,6736,0.0,0,0,cigar,0,0,0.0,20,0,0
522,22,7053,0.0,0,0,disk,0,0,0.0,20,0,0
523,23,7370,0.0,0,0,circle,0,0,0.0,20,0,0
524,24,7683,0.0,0,0,egg,0,0,0.0,20,0,0
525,25,7998,0.0,0,0,sphere,1,1,1.0,20,0,0
526,1,319,0.0,0,0,various,0,0,0.0,21,1,25
527,2,648,0.0,0,0,disk,0,0,0.0,21,0,0
528,3,967,0.0,0,0,other,0,0,0.0,21,0,0
529,4,1290,0.0,0,0,light,0,0,0.0,21,0,0
530,5,1607,0.0,0,0,circle,0,0,0.0,21,0,0
531,6,1942,0.0,0,0,triangle,0,0,0.0,21,0,0
532,7,2271,0.0,0,0,cigar,0,0,0.0,21,0,0
533,8,2584,0.0,0,0,,0,0,0.0,21,0,0
534,9,2929,0.0,0,0,,0,0,0.0,21,0,0
535,10,3242,0.0,0,0,oval,0,0,0.0,21,0,0
536,11,3551,0.0,0,0,light,0,0,0.0,21,0,0
537,12,3872,0.0,0,0,other,0,0,0.0,21,0,0
538,13,4197,0.0,0,0,cylinder,0,0,0.0,21,0,0
539,14,4506,0.0,0,0,disk,0,0,0.0,21,0,0
540,15,4819,0.0,0,0,light,1,1,1.0,21,0,0
541,16,5140,0.0,0,0,flash,0,0,0.0,21,0,0
542,17,5469,0.0,0,0,triangle,0,0,0.0,21,0,0
543,18,5788,0.0,0,0,disk,0,0,0.0,21,0,0
544,19,6105,0.0,0,0,circle,0,0,0.0,21,0,0
545,20,6432,0.0,0,0,triangle,0,0,0.0,21,0,0
546,21,6751,0.0,0,0,sphere,0,0,0.0,21,0,0
547,22,7072,0.0,0,0,light,0,0,0.0,21,0,0
548,23,7393,0.0,0,0,cigar,0,0,0.0,21,0,0
549,24,7722,0.0,0,0,disk,0,0,0.0,21,0,0
550,25,8016,0.0,0,0,circle,0,0,0.0,21,0,0
551,1,313,0.0,0,0,disk,0,0,0.0,22,1,25
552,2,628,0.0,0,0,fireball,0,0,0.0,22,0,0
553,3,944,0.0,0,0,other,0,0,0.0,22,0,0
554,4,1263,0.0,0,0,disk,0,0,0.0,22,0,0
555,5,1590,0.0,0,0,disk,1,1,1.0,22,0,0
556,6,1917,0.0,0,0,light,0,0,0.0,22,0,0
557,7,2236,0.0,0,0,disk,0,0,0.0,22,0,0
558,8,2553,0.0,0,0,,0,0,0.0,22,0,0
559,9,2876,0.0,0,0,chevron,0,0,0.0,22,0,0
560,10,3185,0.0,0,0,disk,0,0,0.0,22,0,0
561,11,3528,0.0,0,0,disk,0,0,0.0,22,0,0
562,12,3843,0.0,0,0,oval,0,0,0.0,22,0,0
563,13,4160,0.0,0,0,circle,0,0,0.0,22,0,0
564,14,4475,0.0,0,0,disk,0,0,0.0,22,0,0
565,15,4796,0.0,0,0,disk,0,0,0.0,22,0,0
566,16,5113,0.0,0,0,fireball,0,0,0.0,22,0,0
567,17,5424,0.0,0,0,disk,0,0,0.0,22,0,0
568,18,5745,0.0,0,0,sphere,0,0,0.0,22,0,0
569,19,6056,0.0,0,0,other,0,0,0.0,22,0,0
570,20,6375,0.0,0,0,disk,1,1,1.0,22,0,0
571,21,6702,0.0,0,0,cylinder,0,0,0.0,22,0,0
572,22,7021,0.0,0,0,disk,0,0,0.0,22,0,0
573,23,7342,0.0,0,0,disk,0,0,0.0,22,0,0
574,24,7675,0.0,0,0,diamond,0,0,0.0,22,0,0
575,25,7963,0.0,0,0,disk,0,0,0.0,22,0,0
576,1,323,0.0,0,0,sphere,0,0,0.0,23,1,25
577,2,644,0.0,0,0,disk,0,0,0.0,23,0,0
578,3,965,0.0,0,0,oval,0,0,0.0,23,0,0
579,4,1273,0.0,0,0,disk,0,0,0.0,23,0,0
580,5,1592,0.0,0,0,disk,0,0,0.0,23,0,0
581,6,1911,0.0,0,0,light,0,0,0.0,23,0,0
582,7,2220,0.0,0,0,disk,0,0,0.0,23,0,0
583,8,2531,0.0,0,0,other,0,0,0.0,23,0,0
584,9,2840,0.0,0,0,light,0,0,0.0,23,0,0
585,10,3165,0.0,0,0,triangle,1,1,1.0,23,0,0
586,11,3477,0.0,0,0,other,0,0,0.0,23,0,0
587,12,3788,0.0,0,0,disk,0,0,0.0,23,0,0
588,13,4109,0.0,0,0,disk,0,0,0.0,23,0,0
589,14,4416,0.0,0,0,cigar,0,0,0.0,23,0,0
590,15,4751,0.0,0,0,fireball,0,0,0.0,23,0,0
591,16,5068,0.0,0,0,disk,0,0,0.0,23,0,0
592,17,5391,0.0,0,0,fireball,0,0,0.0,23,0,0
593,18,5712,0.0,0,0,oval,0,0,0.0,23,0,0
594,19,6029,0.0,0,0,disk,0,0,0.0,23,0,0
595,20,6348,0.0,0,0,teardrop,0,0,0.0,23,0,0
596,21,6663,0.0,0,0,cigar,0,0,0.0,23,0,0
597,22,6976,0.0,0,0,light,0,0,0.0,23,0,0
598,23,7288,0.0,0,0,cylinder,0,0,0.0,23,0,0
599,24,7617,0.0,0,0,disk,0,0,0.0,23,0,0
600,25,7942,0.0,0,0,oval,1,1,1.0,23,0,0
601,1,317,0.0,0,0,sphere,0,0,0.0,24,1,25
602,2,642,0.0,0,0,disk,0,0,0.0,24,0,0
603,3,973,0.0,0,0,fireball,0,0,0.0,24,0,0
604,4,1298,0.0,0,0,formation,0,0,0.0,24,0,0
605,5,1629,0.0,0,0,circle,0,0,0.0,24,0,0
606,6,1932,0.0,0,0,cigar,0,0,0.0,24,0,0
607,7,2243,0.0,0,0,sphere,0,0,0.0,24,0,0
608,8,2562,0.0,0,0,other,0,0,0.0,24,0,0
609,9,2881,0.0,0,0,sphere,0,0,0.0,24,0,0
610,10,3210,0.0,0,0,fireball,0,0,0.0,24,0,0
611,11,3535,0.0,0,0,circle,0,0,0.0,24,0,0
612,12,3848,0.0,0,0,other,0,0,0.0,24,0,0
613,13,4189,0.0,0,0,cigar,0,0,0.0,24,0,0
614,14,4506,0.0,0,0,cigar,0,0,0.0,24,0,0
615,15,4827,0.0,0,0,disk,1,1,1.0,24,0,0
616,16,5152,0.0,0,0,various,0,0,0.0,24,0,0
617,17,5485,0.0,0,0,sphere,0,0,0.0,24,0,0
618,18,5806,0.0,0,0,other,0,0,0.0,24,0,0
619,19,6127,0.0,0,0,light,0,0,0.0,24,0,0
620,20,6444,0.0,0,0,oval,0,0,0.0,24,0,0
621,21,6771,0.0,0,0,triangle,0,0,0.0,24,0,0
622,22,7091,0.0,0,0,cigar,0,0,0.0,24,0,0
623,23,7404,0.0,0,0,cigar,0,0,0.0,24,0,0
624,24,7725,0.0,0,0,circle,0,0,0.0,24,0,0
625,25,8058,0.0,0,0,,0,0,0.0,24,0,0
626,1,345,0.0,0,0,disk,0,0,0.0,25,1,25
627,2,656,0.0,0,0,cigar,0,0,0.0,25,0,0
628,3,967,0.0,0,0,light,0,0,0.0,25,0,0
629,4,1284,0.0,0,0,,0,0,0.0,25,0,0
630,5,1601,0.0,0,0,other,1,1,1.0,25,0,0
631,6,1932,0.0,0,0,formation,0,0,0.0,25,0,0
632,7,2249,0.0,0,0,oval,0,0,0.0,25,0,0
633,8,2564,0.0,0,0,oval,0,0,0.0,25,0,0
634,9,2877,0.0,0,0,disk,0,0,0.0,25,0,0
635,10,3188,0.0,0,0,disk,0,0,0.0,25,0,0
636,11,3509,0.0,0,0,,0,0,0.0,25,0,0
637,12,3820,0.0,0,0,disk,0,0,0.0,25,0,0
638,13,4145,0.0,0,0,disk,0,0,0.0,25,0,0
639,14,4454,0.0,0,0,oval,0,0,0.0,25,0,0
640,15,4761,0.0,0,0,triangle,0,0,0.0,25,0,0
641,16,5084,0.0,0,0,triangle,0,0,0.0,25,0,0
642,17,5399,0.0,0,0,other,0,0,0.0,25,0,0
643,18,5716,0.0,0,0,oval,0,0,0.0,25,0,0
644,19,6029,0.0,0,0,circle,0,0,0.0,25,0,0
645,20,6348,0.0,0,0,disk,1,1,1.0,25,0,0
646,21,6669,0.0,0,0,sphere,0,0,0.0,25,0,0
647,22,6992,0.0,0,0,other,0,0,0.0,25,0,0
648,23,7305,0.0,0,0,oval,0,0,0.0,25,0,0
649,24,7620,0.0,0,0,disk,0,0,0.0,25,0,0
650,25,7919,0.0,0,0,other,0,0,0.0,25,0,0
651,1,319,0.0,0,0,light,0,0,0.0,26,1,25
652,2,640,0.0,0,0,triangle,0,0,0.0,26,0,0
653,3,946,0.0,0,0,disk,0,0,0.0,26,0,0
654,4,1263,0.0,0,0,fireball,0,0,0.0,26,0,0
655,5,1584,0.0,0,0,teardrop,0,0,0.0,26,0,0
656,6,1913,0.0,0,0,sphere,0,0,0.0,26,0,0
657,7,2215,0.0,0,0,oval,0,0,0.0,26,0,0
658,8,2530,0.0,0,0,light,0,0,0.0,26,0,0
659,9,2843,0.0,0,0,disk,0,0,0.0,26,0,0
660,10,3166,0.0,0,0,other,1,1,1.0,26,0,0
661,11,3483,0.0,0,0,circle,0,0,0.0,26,0,0
662,12,3798,0.0,0,0,various,0,0,0.0,26,0,0
663,13,4127,0.0,0,0,sphere,0,0,0.0,26,0,0
664,14,4436,0.0,0,0,disk,0,0,0.0,26,0,0
665,15,4759,0.0,0,0,sphere,0,0,0.0,26,0,0
666,16,5082,0.0,0,0,,0,0,0.0,26,0,0
667,17,5398,0.0,0,0,,0,0,0.0,26,0,0
668,18,5719,0.0,0,0,diamond,0,0,0.0,26,0,0
669,19,6042,0.0,0,0,sphere,0,0,0.0,26,0,0
670,20,6365,0.0,0,0,disk,0,0,0.0,26,0,0
671,21,6684,0.0,0,0,light,0,0,0.0,26,0,0
672,22,7005,0.0,0,0,sphere,0,0,0.0,26,0,0
673,23,7322,0.0,0,0,disk,0,0,0.0,26,0,0
674,24,7635,0.0,0,0,flash,0,0,0.0,26,0,0
675,25,7952,0.0,0,0,cigar,1,1,1.0,26,0,0
676,1,311,0.0,0,0,other,0,0,0.0,27,1,25
677,2,630,0.0,0,0,oval,0,0,0.0,27,0,0
678,3,951,0.0,0,0,cigar,0,0,0.0,27,0,0
679,4,1248,0.0,0,0,light,0,0,0.0,27,0,0
680,5,1559,0.0,0,0,disk,0,0,0.0,27,0,0
681,6,1884,0.0,0,0,formation,0,0,0.0,27,0,0
682,7,2207,0.0,0,0,other,0,0,0.0,27,0,0
683,8,2524,0.0,0,0,disk,0,0,0.0,27,0,0
684,9,2843,0.0,0,0,oval,0,0,0.0,27,0,0
685,10,3160,0.0,0,0,disk,0,0,0.0,27,0,0
686,11,3473,0.0,0,0,other,0,0,0.0,27,0,0
687,12,3796,0.0,0,0,,0,0,0.0,27,0,0
688,13,4107,0.0,0,0,oval,0,0,0.0,27,0,0
689,14,4428,0.0,0,0,disk,0,0,0.0,27,0,0
690,15,4747,0.0,0,0,,0,0,0.0,27,0,0
691,16,5066,0.0,0,0,fireball,0,0,0.0,27,0,0
692,17,5379,0.0,0,0,other,0,0,0.0,27,0,0
693,18,5706,0.0,0,0,cigar,0,0,0.0,27,0,0
694,19,6032,0.0,0,0,fireball,0,0,0.0,27,0,0
695,20,6349,0.0,0,0,egg,0,0,0.0,27,0,0
696,21,6680,0.0,0,0,fireball,0,0,0.0,27,0,0
697,22,6992,0.0,0,0,oval,0,0,0.0,27,0,0
698,23,7311,0.0,0,0,circle,0,0,0.0,27,0,0
699,24,7630,0.0,0,0,sphere,0,0,0.0,27,0,0
700,25,7949,0.0,0,0,circle,0,0,0.0,27,0,0
701,1,315,0.0,0,0,triangle,0,0,0.0,28,1,25
702,2,624,0.0,0,0,disk,0,0,0.0,28,0,0
703,3,943,0.0,0,0,circle,0,0,0.0,28,0,0
704,4,1254,0.0,0,0,disk,0,0,0.0,28,0,0
705,5,1593,0.0,0,0,circle,1,1,1.0,28,0,0
706,6,1912,0.0,0,0,cylinder,0,0,0.0,28,0,0
707,7,2237,0.0,0,0,disk,0,0,0.0,28,0,0
708,8,2556,0.0,0,0,disk,0,0,0.0,28,0,0
709,9,2867,0.0,0,0,fireball,0,0,0.0,28,0,0
710,10,3196,0.0,0,0,light,0,0,0.0,28,0,0
711,11,3515,0.0,0,0,light,0,0,0.0,28,0,0
712,12,3828,0.0,0,0,disk,0,0,0.0,28,0,0
713,13,4145,0.0,0,0,cigar,0,0,0.0,28,0,0
714,14,4476,0.0,0,0,formation,0,0,0.0,28,0,0
715,15,4793,0.0,0,0,disk,0,0,0.0,28,0,0
716,16,5122,0.0,0,0,circle,0,0,0.0,28,0,0
717,17,5481,0.0,0,0,disk,0,0,0.0,28,0,0
718,18,5800,0.0,0,0,diamond,0,0,0.0,28,0,0
719,19,6121,0.0,0,0,other,0,0,0.0,28,0,0
720,20,6438,0.0,0,0,light,1,1,1.0,28,0,0
721,21,6753,0.0,0,0,disk,0,0,0.0,28,0,0
722,22,7074,0.0,0,0,disk,0,0,0.0,28,0,0
723,23,7393,0.0,0,0,circle,0,0,0.0,28,0,0
724,24,7714,0.0,0,0,light,0,0,0.0,28,0,0
725,25,8045,0.0,0,0,triangle,0,0,0.0,28,0,0
726,1,317,0.0,0,0,chevron,0,0,0.0,29,1,25
727,2,640,0.0,0,0,,0,0,0.0,29,0,0
728,3,961,0.0,0,0,disk,0,0,0.0,29,0,0
729,4,1274,0.0,0,0,light,0,0,0.0,29,0,0
730,5,1609,0.0,0,0,sphere,0,0,0.0,29,0,0
731,6,1934,0.0,0,0,cylinder,0,0,0.0,29,0,0
732,7,2261,0.0,0,0,fireball,0,0,0.0,29,0,0
733,8,2581,0.0,0,0,circle,0,0,0.0,29,0,0
734,9,2898,0.0,0,0,light,0,0,0.0,29,0,0
735,10,3207,0.0,0,0,disk,1,1,1.0,29,0,0
736,11,3526,0.0,0,0,,0,0,0.0,29,0,0
737,12,3853,0.0,0,0,formation,0,0,0.0,29,0,0
738,13,4176,0.0,0,0,formation,0,0,0.0,29,0,0
739,14,4491,0.0,0,0,cigar,0,0,0.0,29,0,0
740,15,4812,0.0,0,0,circle,0,0,0.0,29,0,0
741,16,5128,0.0,0,0,circle,0,0,0.0,29,0,0
742,17,5457,0.0,0,0,,0,0,0.0,29,0,0
743,18,5768,0.0,0,0,disk,0,0,0.0,29,0,0
744,19,6091,0.0,0,0,light,0,0,0.0,29,0,0
745,20,6410,0.0,0,0,,0,0,0.0,29,0,0
746,21,6735,0.0,0,0,circle,0,0,0.0,29,0,0
747,22,7052,0.0,0,0,other,0,0,0.0,29,0,0
748,23,7363,0.0,0,0,disk,0,0,0.0,29,0,0
749,24,7674,0.0,0,0,disk,0,0,0.0,29,0,0
750,25,7989,0.0,0,0,,0,0,0.0,29,0,0
751,1,311,0.0,0,0,oval,0,0,0.0,30,1,25
752,2,622,0.0,0,0,disk,0,0,0.0,30,0,0
753,3,949,0.0,0,0,oval,0,0,0.0,30,0,0
754,4,1276,0.0,0,0,disk,0,0,0.0,30,0,0
755,5,1597,0.0,0,0,disk,0,0,0.0,30,0,0
756,6,1912,0.0,0,0,circle,0,0,0.0,30,0,0
757,7,2231,0.0,0,0,formation,0,0,0.0,30,0,0
758,8,2552,0.0,0,0,disk,0,0,0.0,30,0,0
759,9,2875,0.0,0,0,light,0,0,0.0,30,0,0
760,10,3184,0.0,0,0,disk,0,0,0.0,30,0,0
761,11,3509,0.0,0,0,,0,0,0.0,30,0,0
762,12,3824,0.0,0,0,light,0,0,0.0,30,0,0
763,13,4151,0.0,0,0,cylinder,0,0,0.0,30,0,0
764,14,4470,0.0,0,0,,0,0,0.0,30,0,0
765,15,4781,0.0,0,0,cigar,1,1,1.0,30,0,0
766,16,5096,0.0,0,0,light,0,0,0.0,30,0,0
767,17,5421,0.0,0,0,oval,0,0,0.0,30,0,0
768,18,5734,0.0,0,0,cigar,0,0,0.0,30,0,0
769,19,6064,0.0,0,0,circle,0,0,0.0,30,0,0
770,20,6377,0.0,0,0,disk,0,0,0.0,30,0,0
771,21,6700,0.0,0,0,oval,0,0,0.0,30,0,0
772,22,7009,0.0,0,0,disk,0,0,0.0,30,0,0
773,23,7330,0.0,0,0,light,0,0,0.0,30,0,0
774,24,7649,0.0,0,0,other,0,0,0.0,30,0,0
775,25,7966,0.0,0,0,disk,0,0,0.0,30,0,0
776,1,317,0.0,0,0,disk,0,0,0.0,31,1,25
777,2,626,0.0,0,0,circle,0,0,0.0,31,0,0
778,3,937,0.0,0,0,disk,0,0,0.0,31,0,0
779,4,1266,0.0,0,0,triangle,0,0,0.0,31,0,0
780,5,1579,0.0,0,0,oval,1,1,1.0,31,0,0
781,6,1902,0.0,0,0,circle,0,0,0.0,31,0,0
782,7,2231,0.0,0,0,circle,0,0,0.0,31,0,0
783,8,2542,0.0,0,0,other,0,0,0.0,31,0,0
784,9,2865,0.0,0,0,rectangle,0,0,0.0,31,0,0
785,10,3180,0.0,0,0,disk,0,0,0.0,31,0,0
786,11,3497,0.0,0,0,sphere,0,0,0.0,31,0,0
787,12,3820,0.0,0,0,light,0,0,0.0,31,0,0
788,13,4151,0.0,0,0,formation,0,0,0.0,31,0,0
789,14,4468,0.0,0,0,disk,0,0,0.0,31,0,0
790,15,4767,0.0,0,0,disk,0,0,0.0,31,0,0
791,16,5080,0.0,0,0,light,0,0,0.0,31,0,0
792,17,5401,0.0,0,0,light,0,0,0.0,31,0,0
793,18,5708,0.0,0,0,sphere,0,0,0.0,31,0,0
794,19,6025,0.0,0,0,disk,0,0,0.0,31,0,0
795,20,6338,0.0,0,0,disk,1,1,1.0,31,0,0
796,21,6663,0.0,0,0,,0,0,0.0,31,0,0
797,22,6994,0.0,0,0,rectangle,0,0,0.0,31,0,0
798,23,7303,0.0,0,0,oval,0,0,0.0,31,0,0
799,24,7624,0.0,0,0,disk,0,0,0.0,31,0,0
800,25,7943,0.0,0,0,,0,0,0.0,31,0,0
801,1,307,0.0,0,0,disk,0,0,0.0,32,1,25
802,2,622,0.0,0,0,sphere,0,0,0.0,32,0,0
803,3,937,0.0,0,0,circle,0,0,0.0,32,0,0
804,4,1256,0.0,0,0,triangle,0,0,0.0,32,0,0
805,5,1583,0.0,0,0,,0,0,0.0,32,0,0
806,6,1906,0.0,0,0,circle,0,0,0.0,32,0,0
807,7,2221,0.0,0,0,,0,0,0.0,32,0,0
808,8,2550,0.0,0,0,sphere,0,0,0.0,32,0,0
809,9,2865,0.0,0,0,circle,0,0,0.0,32,0,0
810,10,3190,0.0,0,0,triangle,1,1,1.0,32,0,0
811,11,3509,0.0,0,0,disk,0,0,0.0,32,0,0
812,12,3824,0.0,0,0,,0,0,0.0,32,0,0
813,13,4147,0.0,0,0,rectangle,0,0,0.0,32,0,0
814,14,4466,0.0,0,0,cigar,0,0,0.0,32,0,0
815,15,4783,0.0,0,0,,0,0,0.0,32,0,0
816,16,5096,0.0,0,0,cigar,0,0,0.0,32,0,0
817,17,5425,0.0,0,0,triangle,0,0,0.0,32,0,0
818,18,5736,0.0,0,0,other,0,0,0.0,32,0,0
819,19,6057,0.0,0,0,teardrop,0,0,0.0,32,0,0
820,20,6376,0.0,0,0,light,0,0,0.0,32,0,0
821,21,6685,0.0,0,0,other,0,0,0.0,32,0,0
822,22,7002,0.0,0,0,circle,0,0,0.0,32,0,0
823,23,7333,0.0,0,0,circle,0,0,0.0,32,0,0
824,24,7658,0.0,0,0,,0,0,0.0,32,0,0
825,25,7971,0.0,0,0,disk,1,1,1.0,32,0,0
826,1,313,0.0,0,0,sphere,0,0,0.0,33,1,25
827,2,630,0.0,0,0,disk,0,0,0.0,33,0,0
828,3,943,0.0,0,0,other,0,0,0.0,33,0,0
829,4,1258,0.0,0,0,circle,0,0,0.0,33,0,0
830,5,1571,0.0,0,0,oval,0,0,0.0,33,0,0
831,6,1896,0.0,0,0,sphere,0,0,0.0,33,0,0
832,7,2223,0.0,0,0,,0,0,0.0,33,0,0
833,8,2538,0.0,0,0,disk,0,0,0.0,33,0,0
834,9,2847,0.0,0,0,disk,0,0,0.0,33,0,0
835,10,3172,0.0,0,0,cigar,0,0,0.0,33,0,0
836,11,3499,0.0,0,0,cylinder,0,0,0.0,33,0,0
837,12,3808,0.0,0,0,disk,0,0,0.0,33,0,0
838,13,4155,0.0,0,0,circle,0,0,0.0,33,0,0
839,14,4470,0.0,0,0,,0,0,0.0,33,0,0
840,15,4785,0.0,0,0,fireball,1,1,1.0,33,0,0
841,16,5108,0.0,0,0,,0,0,0.0,33,0,0
842,17,5427,0.0,0,0,light,0,0,0.0,33,0,0
843,18,5742,0.0,0,0,light,0,0,0.0,33,0,0
844,19,6051,0.0,0,0,disk,0,0,0.0,33,0,0
845,20,6384,0.0,0,0,cylinder,0,0,0.0,33,0,0
846,21,6703,0.0,0,0,sphere,0,0,0.0,33,0,0
847,22,7016,0.0,0,0,disk,0,0,0.0,33,0,0
848,23,7355,0.0,0,0,other,0,0,0.0,33,0,0
849,24,7665,0.0,0,0,other,0,0,0.0,33,0,0
850,25,7986,0.0,0,0,diamond,0,0,0.0,33,0,0
851,1,327,0.0,0,0,light,0,0,0.0,34,1,25
852,2,638,0.0,0,0,light,0,0,0.0,34,0,0
853,3,953,0.0,0,0,disk,0,0,0.0,34,0,0
854,4,1264,0.0,0,0,other,0,0,0.0,34,0,0
855,5,1581,0.0,0,0,light,1,1,1.0,34,0,0
856,6,1900,0.0,0,0,oval,0,0,0.0,34,0,0
857,7,2219,0.0,0,0,,0,0,0.0,34,0,0
858,8,2542,0.0,0,0,circle,0,0,0.0,34,0,0
859,9,2855,0.0,0,0,disk,0,0,0.0,34,0,0
860,10,3176,0.0,0,0,cigar,0,0,0.0,34,0,0
861,11,3503,0.0,0,0,light,0,0,0.0,34,0,0
862,12,3830,0.0,0,0,light,0,0,0.0,34,0,0
863,13,4151,0.0,0,0,disk,0,0,0.0,34,0,0
864,14,4484,0.0,0,0,light,0,0,0.0,34,0,0
865,15,4803,0.0,0,0,chevron,0,0,0.0,34,0,0
866,16,5130,0.0,0,0,disk,0,0,0.0,34,0,0
867,17,5439,0.0,0,0,light,0,0,0.0,34,0,0
868,18,5762,0.0,0,0,circle,0,0,0.0,34,0,0
869,19,6075,0.0,0,0,light,0,0,0.0,34,0,0
870,20,6400,0.0,0,0,disk,1,1,1.0,34,0,0
871,21,6727,0.0,0,0,fireball,0,0,0.0,34,0,0
872,22,7058,0.0,0,0,circle,0,0,0.0,34,0,0
873,23,7385,0.0,0,0,disk,0,0,0.0,34,0,0
874,24,7696,0.0,0,0,oval,0,0,0.0,34,0,0
875,25,8003,0.0,0,0,oval,0,0,0.0,34,0,0
876,1,317,0.0,0,0,triangle,0,0,0.0,35,1,25
877,2,640,0.0,0,0,cylinder,0,0,0.0,35,0,0
878,3,955,0.0,0,0,sphere,0,0,0.0,35,0,0
879,4,1278,0.0,0,0,disk,0,0,0.0,35,0,0
880,5,1587,0.0,0,0,disk,0,0,0.0,35,0,0
881,6,1898,0.0,0,0,disk,0,0,0.0,35,0,0
882,7,2209,0.0,0,0,light,0,0,0.0,35,0,0
883,8,2524,0.0,0,0,oval,0,0,0.0,35,0,0
884,9,2845,0.0,0,0,cigar,0,0,0.0,35,0,0
885,10,3166,0.0,0,0,sphere,1,1,1.0,35,0,0
886,11,3475,0.0,0,0,disk,0,0,0.0,35,0,0
887,12,3780,0.0,0,0,oval,0,0,0.0,35,0,0
888,13,4095,0.0,0,0,disk,0,0,0.0,35,0,0
889,14,4410,0.0,0,0,cigar,0,0,0.0,35,0,0
890,15,4719,0.0,0,0,other,0,0,0.0,35,0,0
891,16,5042,0.0,0,0,disk,0,0,0.0,35,0,0
892,17,5367,0.0,0,0,,0,0,0.0,35,0,0
893,18,5682,0.0,0,0,light,0,0,0.0,35,0,0
894,19,6001,0.0,0,0,sphere,0,0,0.0,35,0,0
895,20,6314,0.0,0,0,disk,0,0,0.0,35,0,0
896,21,6637,0.0,0,0,light,0,0,0.0,35,0,0
897,22,6948,0.0,0,0,disk,0,0,0.0,35,0,0
898,23,7273,0.0,0,0,disk,0,0,0.0,35,0,0
899,24,7588,0.0,0,0,disk,0,0,0.0,35,0,0
900,25,7892,0.0,0,0,disk,1,1,1.0,35,0,0
901,1,315,0.0,0,0,disk,0,0,0.0,36,1,25
902,2,622,0.0,0,0,disk,0,0,0.0,36,0,0
903,3,935,0.0,0,0,disk,0,0,0.0,36,0,0
904,4,1252,0.0,0,0,,0,0,0.0,36,0,0
905,5,1571,0.0,0,0,rectangle,0,0,0.0,36,0,0
906,6,1894,0.0,0,0,light,0,0,0.0,36,0,0
907,7,2207,0.0,0,0,disk,0,0,0.0,36,0,0
908,8,2516,0.0,0,0,light,0,0,0.0,36,0,0
909,9,2827,0.0,0,0,cigar,0,0,0.0,36,0,0
910,10,3140,0.0,0,0,cigar,0,0,0.0,36,0,0
911,11,3457,0.0,0,0,disk,0,0,0.0,36,0,0
912,12,3768,0.0,0,0,light,0,0,0.0,36,0,0
913,13,4081,0.0,0,0,disk,0,0,0.0,36,0,0
914,14,4398,0.0,0,0,fireball,0,0,0.0,36,0,0
915,15,4719,0.0,0,0,light,1,1,1.0,36,0,0
916,16,5032,0.0,0,0,sphere,0,0,0.0,36,0,0
917,17,5347,0.0,0,0,sphere,0,0,0.0,36,0,0
918,18,5657,0.0,0,0,light,0,0,0.0,36,0,0
919,19,5998,0.0,0,0,,0,0,0.0,36,0,0
920,20,6321,0.0,0,0,,0,0,0.0,36,0,0
921,21,6644,0.0,0,0,light,0,0,0.0,36,0,0
922,22,6965,0.0,0,0,sphere,0,0,0.0,36,0,0
923,23,7278,0.0,0,0,disk,0,0,0.0,36,0,0
924,24,7591,0.0,0,0,light,0,0,0.0,36,0,0
925,25,7916,0.0,0,0,,0,0,0.0,36,0,0
926,1,311,0.0,0,0,oval,0,0,0.0,37,1,25
927,2,632,0.0,0,0,,0,0,0.0,37,0,0
928,3,945,0.0,0,0,other,0,0,0.0,37,0,0
929,4,1265,0.0,0,0,cigar,0,0,0.0,37,0,0
930,5,1584,0.0,0,0,formation,1,1,1.0,37,0,0
931,6,1915,0.0,0,0,other,0,0,0.0,37,0,0
932,7,2244,0.0,0,0,disk,0,0,0.0,37,0,0
933,8,2555,0.0,0,0,disk,0,0,0.0,37,0,0
934,9,2868,0.0,0,0,cone,0,0,0.0,37,0,0
935,10,3175,0.0,0,0,disk,0,0,0.0,37,0,0
936,11,3500,0.0,0,0,circle,0,0,0.0,37,0,0
937,12,3807,0.0,0,0,disk,0,0,0.0,37,0,0
938,13,4136,0.0,0,0,light,0,0,0.0,37,0,0
939,14,4453,0.0,0,0,other,0,0,0.0,37,0,0
940,15,4776,0.0,0,0,diamond,0,0,0.0,37,0,0
941,16,5099,0.0,0,0,triangle,0,0,0.0,37,0,0
942,17,5424,0.0,0,0,various,0,0,0.0,37,0,0
943,18,5741,0.0,0,0,circle,0,0,0.0,37,0,0
944,19,6054,0.0,0,0,circle,0,0,0.0,37,0,0
945,20,6373,0.0,0,0,cigar,1,1,1.0,37,0,0
946,21,6684,0.0,0,0,disk,0,0,0.0,37,0,0
947,22,7003,0.0,0,0,cigar,0,0,0.0,37,0,0
948,23,7322,0.0,0,0,disk,0,0,0.0,37,0,0
949,24,7643,0.0,0,0,sphere,0,0,0.0,37,0,0
950,25,7958,0.0,0,0,disk,0,0,0.0,37,0,0
951,1,333,0.0,0,0,cylinder,0,0,0.0,38,1,25
952,2,642,0.0,0,0,other,0,0,0.0,38,0,0
953,3,955,0.0,0,0,light,0,0,0.0,38,0,0
954,4,1268,0.0,0,0,light,0,0,0.0,38,0,0
955,5,1599,0.0,0,0,cigar,0,0,0.0,38,0,0
956,6,1916,0.0,0,0,diamond,0,0,0.0,38,0,0
957,7,2237,0.0,0,0,fireball,0,0,0.0,38,0,0
958,8,2556,0.0,0,0,light,0,0,0.0,38,0,0
959,9,2857,0.0,0,0,,0,0,0.0,38,0,0
960,10,3164,0.0,0,0,light,1,1,1.0,38,0,0
961,11,3481,0.0,0,0,other,0,0,0.0,38,0,0
962,12,3804,0.0,0,0,circle,0,0,0.0,38,0,0
963,13,4121,0.0,0,0,,0,0,0.0,38,0,0
964,14,4440,0.0,0,0,triangle,0,0,0.0,38,0,0
965,15,4765,0.0,0,0,circle,0,0,0.0,38,0,0
966,16,5086,0.0,0,0,oval,0,0,0.0,38,0,0
967,17,5403,0.0,0,0,disk,0,0,0.0,38,0,0
968,18,5716,0.0,0,0,disk,0,0,0.0,38,0,0
969,19,6035,0.0,0,0,circle,0,0,0.0,38,0,0
970,20,6366,0.0,0,0,cigar,0,0,0.0,38,0,0
971,21,6683,0.0,0,0,disk,0,0,0.0,38,0,0
972,22,7004,0.0,0,0,triangle,0,0,0.0,38,0,0
973,23,7331,0.0,0,0,formation,0,0,0.0,38,0,0
974,24,7642,0.0,0,0,light,0,0,0.0,38,0,0
975,25,7957,0.0,0,0,disk,1,1,1.0,38,0,0
976,1,323,0.0,0,0,triangle,0,0,0.0,39,1,25
977,2,642,0.0,0,0,triangle,0,0,0.0,39,0,0
978,3,961,0.0,0,0,circle,0,0,0.0,39,0,0
979,4,1272,0.0,0,0,cigar,0,0,0.0,39,0,0
980,5,1579,0.0,0,0,disk,0,0,0.0,39,0,0
981,6,1900,0.0,0,0,light,0,0,0.0,39,0,0
982,7,2211,0.0,0,0,disk,0,0,0.0,39,0,0
983,8,2524,0.0,0,0,disk,0,0,0.0,39,0,0
984,9,2853,0.0,0,0,disk,0,0,0.0,39,0,0
985,10,3169,0.0,0,0,circle,0,0,0.0,39,0,0
986,11,3486,0.0,0,0,cylinder,0,0,0.0,39,0,0
987,12,3809,0.0,0,0,oval,0,0,0.0,39,0,0
988,13,4136,0.0,0,0,fireball,0,0,0.0,39,0,0
989,14,4453,0.0,0,0,other,0,0,0.0,39,0,0
990,15,4780,0.0,0,0,chevron,1,1,1.0,39,0,0
991,16,5103,0.0,0,0,disk,0,0,0.0,39,0,0
992,17,5418,0.0,0,0,oval,0,0,0.0,39,0,0
993,18,5743,0.0,0,0,chevron,0,0,0.0,39,0,0
994,19,6100,0.0,0,0,,0,0,0.0,39,0,0
995,20,6427,0.0,0,0,disk,0,0,0.0,39,0,0
996,21,6733,0.0,0,0,egg,0,0,0.0,39,0,0
997,22,7050,0.0,0,0,other,0,0,0.0,39,0,0
998,23,7377,0.0,0,0,circle,0,0,0.0,39,0,0
999,24,7698,0.0,0,0,disk,0,0,0.0,39,0,0
1000,25,8021,0.0,0,0,cigar,0,0,0.0,39,0,0
1001,1,321,0.0,0,0,disk,0,0,0.0,40,1,25
1002,2,641,0.0,0,0,,0,0,0.0,40,0,0
1003,3,952,0.0,0,0,disk,0,0,0.0,40,0,0
1004,4,1285,0.0,0,0,,0,0,0.0,40,0,0
1005,5,1587,0.0,0,0,disk,1,1,1.0,40,0,0
1006,6,1896,0.0,0,0,oval,0,0,0.0,40,0,0
1007,7,2211,0.0,0,0,cigar,0,0,0.0,40,0,0
1008,8,2528,0.0,0,0,oval,0,0,0.0,40,0,0
1009,9,2857,0.0,0,0,other,0,0,0.0,40,0,0
1010,10,3168,0.0,0,0,disk,0,0,0.0,40,0,0
1011,11,3479,0.0,0,0,oval,0,0,0.0,40,0,0
1012,12,3816,0.0,0,0,circle,0,0,0.0,40,0,0
1013,13,4146,0.0,0,0,triangle,0,0,0.0,40,0,0
1014,14,4455,0.0,0,0,disk,0,0,0.0,40,0,0
1015,15,4778,0.0,0,0,disk,0,0,0.0,40,0,0
1016,16,5091,0.0,0,0,disk,0,0,0.0,40,0,0
1017,17,5418,0.0,0,0,triangle,0,0,0.0,40,0,0
1018,18,5729,0.0,0,0,disk,0,0,0.0,40,0,0
1019,19,6044,0.0,0,0,disk,0,0,0.0,40,0,0
1020,20,6370,0.0,0,0,sphere,1,1,1.0,40,0,0
1021,21,6679,0.0,0,0,oval,0,0,0.0,40,0,0
1022,22,6995,0.0,0,0,light,0,0,0.0,40,0,0
1023,23,7318,0.0,0,0,disk,0,0,0.0,40,0,0
1024,24,7632,0.0,0,0,circle,0,0,0.0,40,0,0
1025,25,7941,0.0,0,0,disk,0,0,0.0,40,0,0
1026,1,323,0.0,0,0,disk,0,0,0.0,41,1,25
1027,2,646,0.0,0,0,sphere,0,0,0.0,41,0,0
1028,3,956,0.0,0,0,,0,0,0.0,41,0,0
1029,4,1275,0.0,0,0,cigar,0,0,0.0,41,0,0
1030,5,1585,0.0,0,0,disk,0,0,0.0,41,0,0
1031,6,1903,0.0,0,0,oval,0,0,0.0,41,0,0
1032,7,2228,0.0,0,0,triangle,0,0,0.0,41,0,0
1033,8,2549,0.0,0,0,disk,0,0,0.0,41,0,0
1034,9,2858,0.0,0,0,egg,0,0,0.0,41,0,0
1035,10,3173,0.0,0,0,oval,1,1,1.0,41,0,0
1036,11,3484,0.0,0,0,sphere,0,0,0.0,41,0,0
1037,12,3801,0.0,0,0,light,0,0,0.0,41,0,0
1038,13,4116,0.0,0,0,light,0,0,0.0,41,0,0
1039,14,4431,0.0,0,0,circle,0,0,0.0,41,0,0
1040,15,4746,0.0,0,0,other,0,0,0.0,41,0,0
1041,16,5071,0.0,0,0,sphere,0,0,0.0,41,0,0
1042,17,5390,0.0,0,0,other,0,0,0.0,41,0,0
1043,18,5709,0.0,0,0,disk,0,0,0.0,41,0,0
1044,19,6036,0.0,0,0,triangle,0,0,0.0,41,0,0
1045,20,6347,0.0,0,0,cigar,0,0,0.0,41,0,0
1046,21,6666,0.0,0,0,sphere,0,0,0.0,41,0,0
1047,22,6979,0.0,0,0,oval,0,0,0.0,41,0,0
1048,23,7310,0.0,0,0,cigar,0,0,0.0,41,0,0
1049,24,7633,0.0,0,0,triangle,0,0,0.0,41,0,0
1050,25,7958,0.0,0,0,light,1,1,1.0,41,0,0
1051,1,331,0.0,0,0,,0,0,0.0,42,1,25
1052,2,666,0.0,0,0,,0,0,0.0,42,0,0
1053,3,981,0.0,0,0,other,0,0,0.0,42,0,0
1054,4,1308,0.0,0,0,other,0,0,0.0,42,0,0
1055,5,1630,0.0,0,0,triangle,0,0,0.0,42,0,0
1056,6,1949,0.0,0,0,circle,0,0,0.0,42,0,0
1057,7,2272,0.0,0,0,,0,0,0.0,42,0,0
1058,8,2583,0.0,0,0,disk,0,0,0.0,42,0,0
1059,9,2902,0.0,0,0,circle,0,0,0.0,42,0,0
1060,10,3223,0.0,0,0,disk,0,0,0.0,42,0,0
1061,11,3532,0.0,0,0,disk,0,0,0.0,42,0,0
1062,12,3845,0.0,0,0,other,0,0,0.0,42,0,0
1063,13,4164,0.0,0,0,disk,0,0,0.0,42,0,0
1064,14,4481,0.0,0,0,,0,0,0.0,42,0,0
1065,15,4798,0.0,0,0,sphere,1,1,1.0,42,0,0
1066,16,5123,0.0,0,0,disk,0,0,0.0,42,0,0
1067,17,5434,0.0,0,0,cigar,0,0,0.0,42,0,0
1068,18,5755,0.0,0,0,disk,0,0,0.0,42,0,0
1069,19,6078,0.0,0,0,circle,0,0,0.0,42,0,0
1070,20,6385,0.0,0,0,disk,0,0,0.0,42,0,0
1071,21,6706,0.0,0,0,disk,0,0,0.0,42,0,0
1072,22,7025,0.0,0,0,circle,0,0,0.0,42,0,0
1073,23,7340,0.0,0,0,cigar,0,0,0.0,42,0,0
1074,24,7653,0.0,0,0,cigar,0,0,0.0,42,0,0
1075,25,7972,0.0,0,0,other,0,0,0.0,42,0,0
1076,1,317,0.0,0,0,disk,0,0,0.0,43,1,25
1077,2,636,0.0,0,0,disk,0,0,0.0,43,0,0
1078,3,953,0.0,0,0,oval,0,0,0.0,43,0,0
1079,4,1275,0.0,0,0,circle,0,0,0.0,43,0,0
1080,5,1600,0.0,0,0,circle,1,1,1.0,43,0,0
1081,6,1913,0.0,0,0,light,0,0,0.0,43,0,0
1082,7,2224,0.0,0,0,disk,0,0,0.0,43,0,0
1083,8,2541,0.0,0,0,disk,0,0,0.0,43,0,0
1084,9,2864,0.0,0,0,,0,0,0.0,43,0,0
1085,10,3177,0.0,0,0,cigar,0,0,0.0,43,0,0
1086,11,3494,0.0,0,0,oval,0,0,0.0,43,0,0
1087,12,3817,0.0,0,0,cylinder,0,0,0.0,43,0,0
1088,13,4136,0.0,0,0,other,0,0,0.0,43,0,0
1089,14,4447,0.0,0,0,cigar,0,0,0.0,43,0,0
1090,15,4768,0.0,0,0,other,0,0,0.0,43,0,0
1091,16,5089,0.0,0,0,,0,0,0.0,43,0,0
1092,17,5404,0.0,0,0,egg,0,0,0.0,43,0,0
1093,18,5729,0.0,0,0,disk,0,0,0.0,43,0,0
1094,19,6042,0.0,0,0,light,0,0,0.0,43,0,0
1095,20,6353,0.0,0,0,cigar,1,1,1.0,43,0,0
1096,21,6692,0.0,0,0,formation,0,0,0.0,43,0,0
1097,22,7009,0.0,0,0,disk,0,0,0.0,43,0,0
1098,23,7320,0.0,0,0,cone,0,0,0.0,43,0,0
1099,24,7627,0.0,0,0,other,0,0,0.0,43,0,0
1100,25,7944,0.0,0,0,oval,0,0,0.0,43,0,0
1101,1,345,0.0,0,0,,0,0,0.0,44,1,25
1102,2,660,0.0,0,0,oval,0,0,0.0,44,0,0
1103,3,977,0.0,0,0,cigar,0,0,0.0,44,0,0
1104,4,1291,0.0,0,0,disk,0,0,0.0,44,0,0
1105,5,1610,0.0,0,0,other,0,0,0.0,44,0,0
1106,6,1925,0.0,0,0,light,0,0,0.0,44,0,0
1107,7,2252,0.0,0,0,other,0,0,0.0,44,0,0
1108,8,2569,0.0,0,0,oval,0,0,0.0,44,0,0
1109,9,2896,0.0,0,0,,0,0,0.0,44,0,0
1110,10,3219,0.0,0,0,other,1,1,1.0,44,0,0
1111,11,3534,0.0,0,0,,0,0,0.0,44,0,0
1112,12,3861,0.0,0,0,,0,0,0.0,44,0,0
1113,13,4194,0.0,0,0,disk,0,0,0.0,44,0,0
1114,14,4509,0.0,0,0,circle,0,0,0.0,44,0,0
1115,15,4822,0.0,0,0,light,0,0,0.0,44,0,0
1116,16,5141,0.0,0,0,disk,0,0,0.0,44,0,0
1117,17,5472,0.0,0,0,fireball,0,0,0.0,44,0,0
1118,18,5799,0.0,0,0,sphere,0,0,0.0,44,0,0
1119,19,6128,0.0,0,0,,0,0,0.0,44,0,0
1120,20,6449,0.0,0,0,disk,0,0,0.0,44,0,0
1121,21,6764,0.0,0,0,disk,0,0,0.0,44,0,0
1122,22,7081,0.0,0,0,chevron,0,0,0.0,44,0,0
1123,23,7396,0.0,0,0,other,0,0,0.0,44,0,0
1124,24,7713,0.0,0,0,,0,0,0.0,44,0,0
1125,25,8034,0.0,0,0,circle,1,1,1.0,44,0,0
1126,1,321,0.0,0,0,disk,0,0,0.0,45,1,25
1127,2,648,0.0,0,0,cylinder,0,0,0.0,45,0,0
1128,3,973,0.0,0,0,light,0,0,0.0,45,0,0
1129,4,1298,0.0,0,0,formation,0,0,0.0,45,0,0
1130,5,1617,0.0,0,0,fireball,0,0,0.0,45,0,0
1131,6,1930,0.0,0,0,disk,0,0,0.0,45,0,0
1132,7,2239,0.0,0,0,oval,0,0,0.0,45,0,0
1133,8,2564,0.0,0,0,triangle,0,0,0.0,45,0,0
1134,9,2879,0.0,0,0,sphere,0,0,0.0,45,0,0
1135,10,3195,0.0,0,0,circle,0,0,0.0,45,0,0
1136,11,3508,0.0,0,0,,0,0,0.0,45,0,0
1137,12,3823,0.0,0,0,light,0,0,0.0,45,0,0
1138,13,4148,0.0,0,0,circle,0,0,0.0,45,0,0
1139,14,4461,0.0,0,0,disk,0,0,0.0,45,0,0
1140,15,4790,0.0,0,0,circle,1,1,1.0,45,0,0
1141,16,5113,0.0,0,0,fireball,0,0,0.0,45,0,0
1142,17,5424,0.0,0,0,disk,0,0,0.0,45,0,0
1143,18,5731,0.0,0,0,oval,0,0,0.0,45,0,0
1144,19,6060,0.0,0,0,cylinder,0,0,0.0,45,0,0
1145,20,6387,0.0,0,0,disk,0,0,0.0,45,0,0
1146,21,6698,0.0,0,0,oval,0,0,0.0,45,0,0
1147,22,7009,0.0,0,0,circle,0,0,0.0,45,0,0
1148,23,7318,0.0,0,0,disk,0,0,0.0,45,0,0
1149,24,7635,0.0,0,0,,0,0,0.0,45,0,0
1150,25,7962,0.0,0,0,teardrop,0,0,0.0,45,0,0
1151,1,325,0.0,0,0,,0,0,0.0,46,1,25
1152,2,646,0.0,0,0,cigar,0,0,0.0,46,0,0
1153,3,969,0.0,0,0,circle,0,0,0.0,46,0,0
1154,4,1282,0.0,0,0,sphere,0,0,0.0,46,0,0
1155,5,1595,0.0,0,0,light,1,1,1.0,46,0,0
1156,6,1908,0.0,0,0,cigar,0,0,0.0,46,0,0
1157,7,2229,0.0,0,0,cigar,0,0,0.0,46,0,0
1158,8,2542,0.0,0,0,,0,0,0.0,46,0,0
1159,9,2861,0.0,0,0,disk,0,0,0.0,46,0,0
1160,10,3180,0.0,0,0,light,0,0,0.0,46,0,0
1161,11,3501,0.0,0,0,light,0,0,0.0,46,0,0
1162,12,3818,0.0,0,0,sphere,0,0,0.0,46,0,0
1163,13,4149,0.0,0,0,circle,0,0,0.0,46,0,0
1164,14,4462,0.0,0,0,circle,0,0,0.0,46,0,0
1165,15,4787,0.0,0,0,circle,0,0,0.0,46,0,0
1166,16,5106,0.0,0,0,,0,0,0.0,46,0,0
1167,17,5419,0.0,0,0,light,0,0,0.0,46,0,0
1168,18,5736,0.0,0,0,cigar,0,0,0.0,46,0,0
1169,19,6063,0.0,0,0,circle,0,0,0.0,46,0,0
1170,20,6372,0.0,0,0,disk,1,1,1.0,46,0,0
1171,21,6699,0.0,0,0,,0,0,0.0,46,0,0
1172,22,7014,0.0,0,0,cigar,0,0,0.0,46,0,0
1173,23,7327,0.0,0,0,disk,0,0,0.0,46,0,0
1174,24,7638,0.0,0,0,fireball,0,0,0.0,46,0,0
1175,25,7955,0.0,0,0,disk,0,0,0.0,46,0,0
1176,1,304,0.0,0,0,disk,0,0,0.0,47,1,25
1177,2,639,0.0,0,0,cylinder,0,0,0.0,47,0,0
1178,3,952,0.0,0,0,,0,0,0.0,47,0,0
1179,4,1279,0.0,0,0,formation,0,0,0.0,47,0,0
1180,5,1606,0.0,0,0,other,0,0,0.0,47,0,0
1181,6,1939,0.0,0,0,oval,0,0,0.0,47,0,0
1182,7,2248,0.0,0,0,oval,0,0,0.0,47,0,0
1183,8,2583,0.0,0,0,diamond,0,0,0.0,47,0,0
1184,9,2902,0.0,0,0,light,0,0,0.0,47,0,0
1185,10,3231,0.0,0,0,cigar,1,1,1.0,47,0,0
1186,11,3550,0.0,0,0,sphere,0,0,0.0,47,0,0
1187,12,3861,0.0,0,0,disk,0,0,0.0,47,0,0
1188,13,4186,0.0,0,0,triangle,0,0,0.0,47,0,0
1189,14,4501,0.0,0,0,disk,0,0,0.0,47,0,0
1190,15,4820,0.0,0,0,circle,0,0,0.0,47,0,0
1191,16,5131,0.0,0,0,oval,0,0,0.0,47,0,0
1192,17,5456,0.0,0,0,oval,0,0,0.0,47,0,0
1193,18,5767,0.0,0,0,disk,0,0,0.0,47,0,0
1194,19,6088,0.0,0,0,circle,0,0,0.0,47,0,0
1195,20,6403,0.0,0,0,circle,0,0,0.0,47,0,0
1196,21,6732,0.0,0,0,,0,0,0.0,47,0,0
1197,22,7053,0.0,0,0,formation,0,0,0.0,47,0,0
1198,23,7378,0.0,0,0,disk,0,0,0.0,47,0,0
1199,24,7689,0.0,0,0,cigar,0,0,0.0,47,0,0
1200,25,8014,0.0,0,0,circle,1,1,1.0,47,0,0
1201,1,315,0.0,0,0,other,0,0,0.0,48,1,25
1202,2,634,0.0,0,0,,0,0,0.0,48,0,0
1203,3,945,0.0,0,0,oval,0,0,0.0,48,0,0
1204,4,1264,0.0,0,0,circle,0,0,0.0,48,0,0
1205,5,1585,0.0,0,0,disk,0,0,0.0,48,0,0
1206,6,1902,0.0,0,0,circle,0,0,0.0,48,0,0
1207,7,2219,0.0,0,0,sphere,0,0,0.0,48,0,0
1208,8,2536,0.0,0,0,oval,0,0,0.0,48,0,0
1209,9,2850,0.0,0,0,chevron,0,0,0.0,48,0,0
1210,10,3169,0.0,0,0,circle,0,0,0.0,48,0,0
1211,11,3510,0.0,0,0,,0,0,0.0,48,0,0
1212,12,3827,0.0,0,0,disk,0,0,0.0,48,0,0
1213,13,4142,0.0,0,0,disk,0,0,0.0,48,0,0
1214,14,4465,0.0,0,0,disk,0,0,0.0,48,0,0
1215,15,4786,0.0,0,0,other,1,1,1.0,48,0,0
1216,16,5125,0.0,0,0,circle,0,0,0.0,48,0,0
1217,17,5433,0.0,0,0,sphere,0,0,0.0,48,0,0
1218,18,5760,0.0,0,0,fireball,0,0,0.0,48,0,0
1219,19,6079,0.0,0,0,light,0,0,0.0,48,0,0
1220,20,6391,0.0,0,0,circle,0,0,0.0,48,0,0
1221,21,6710,0.0,0,0,other,0,0,0.0,48,0,0
1222,22,7029,0.0,0,0,sphere,0,0,0.0,48,0,0
1223,23,7343,0.0,0,0,cigar,0,0,0.0,48,0,0
1224,24,7660,0.0,0,0,disk,0,0,0.0,48,0,0
1225,25,7978,0.0,0,0,circle,0,0,0.0,48,0,0
1226,1,313,0.0,0,0,sphere,0,0,0.0,49,1,25
1227,2,630,0.0,0,0,disk,0,0,0.0,49,0,0
1228,3,953,0.0,0,0,circle,0,0,0.0,49,0,0
1229,4,1272,0.0,0,0,,0,0,0.0,49,0,0
1230,5,1597,0.0,0,0,disk,1,1,1.0,49,0,0
1231,6,1918,0.0,0,0,cigar,0,0,0.0,49,0,0
1232,7,2237,0.0,0,0,,0,0,0.0,49,0,0
1233,8,2572,0.0,0,0,other,0,0,0.0,49,0,0
1234,9,2891,0.0,0,0,disk,0,0,0.0,49,0,0
1235,10,3203,0.0,0,0,light,0,0,0.0,49,0,0
1236,11,3510,0.0,0,0,disk,0,0,0.0,49,0,0
1237,12,3827,0.0,0,0,sphere,0,0,0.0,49,0,0
1238,13,4154,0.0,0,0,disk,0,0,0.0,49,0,0
1239,14,4471,0.0,0,0,circle,0,0,0.0,49,0,0
1240,15,4788,0.0,0,0,,0,0,0.0,49,0,0
1241,16,5113,0.0,0,0,teardrop,0,0,0.0,49,0,0
1242,17,5438,0.0,0,0,fireball,0,0,0.0,49,0,0
1243,18,5759,0.0,0,0,light,0,0,0.0,49,0,0
1244,19,6076,0.0,0,0,disk,0,0,0.0,49,0,0
1245,20,6383,0.0,0,0,disk,1,1,1.0,49,0,0
1246,21,6698,0.0,0,0,triangle,0,0,0.0,49,0,0
1247,22,7011,0.0,0,0,other,0,0,0.0,49,0,0
1248,23,7316,0.0,0,0,egg,0,0,0.0,49,0,0
1249,24,7635,0.0,0,0,triangle,0,0,0.0,49,0,0
1250,25,7944,0.0,0,0,disk,0,0,0.0,49,0,0
1251,1,323,0.0,0,0,other,0,0,0.0,50,1,25
1252,2,638,0.0,0,0,light,0,0,0.0,50,0,0
1253,3,957,0.0,0,0,cigar,0,0,0.0,50,0,0
1254,4,1286,0.0,0,0,,0,0,0.0,50,0,0
1255,5,1597,0.0,0,0,oval,0,0,0.0,50,0,0
1256,6,1916,0.0,0,0,circle,0,0,0.0,50,0,0
1257,7,2237,0.0,0,0,circle,0,0,0.0,50,0,0
1258,8,2548,0.0,0,0,sphere,0,0,0.0,50,0,0
1259,9,2877,0.0,0,0,cylinder,0,0,0.0,50,0,0
1260,10,3196,0.0,0,0,disk,1,1,1.0,50,0,0
1261,11,3503,0.0,0,0,sphere,0,0,0.0,50,0,0
1262,12,3822,0.0,0,0,disk,0,0,0.0,50,0,0
1263,13,4133,0.0,0,0,disk,0,0,0.0,50,0,0
1264,14,4448,0.0,0,0,other,0,0,0.0,50,0,0
1265,15,4765,0.0,0,0,sphere,0,0,0.0,50,0,0
1266,16,5086,0.0,0,0,circle,0,0,0.0,50,0,0
1267,17,5409,0.0,0,0,light,0,0,0.0,50,0,0
1268,18,5738,0.0,0,0,other,0,0,0.0,50,0,0
1269,19,6051,0.0,0,0,cigar,0,0,0.0,50,0,0
1270,20,6368,0.0,0,0,oval,0,0,0.0,50,0,0
1271,21,6685,0.0,0,0,disk,0,0,0.0,50,0,0
1272,22,7004,0.0,0,0,circle,0,0,0.0,50,0,0
1273,23,7329,0.0,0,0,,0,0,0.0,50,0,0
1274,24,7662,0.0,0,0,disk,0,0,0.0,50,0,0
1275,25,7981,0.0,0,0,light,1,1,1.0,50,0,0
1276,1,325,0.0,0,0,disk,0,0,0.0,51,1,25
1277,2,682,0.0,0,0,circle,0,0,0.0,51,0,0
1278,3,1003,0.0,0,0,disk,0,0,0.0,51,0,0
1279,4,1318,0.0,0,0,oval,0,0,0.0,51,0,0
1280,5,1643,0.0,0,0,various,0,0,0.0,51,0,0
1281,6,1958,0.0,0,0,oval,0,0,0.0,51,0,0
1282,7,2279,0.0,0,0,circle,0,0,0.0,51,0,0
1283,8,2604,0.0,0,0,disk,0,0,0.0,51,0,0
1284,9,2935,0.0,0,0,sphere,0,0,0.0,51,0,0
1285,10,3244,0.0,0,0,disk,0,0,0.0,51,0,0
1286,11,3557,0.0,0,0,circle,0,0,0.0,51,0,0
1287,12,3870,0.0,0,0,sphere,0,0,0.0,51,0,0
1288,13,4201,0.0,0,0,light,0,0,0.0,51,0,0
1289,14,4524,0.0,0,0,oval,0,0,0.0,51,0,0
1290,15,4837,0.0,0,0,other,1,1,1.0,51,0,0
1291,16,5164,0.0,0,0,disk,0,0,0.0,51,0,0
1292,17,5472,0.0,0,0,other,0,0,0.0,51,0,0
1293,18,5791,0.0,0,0,,0,0,0.0,51,0,0
1294,19,6112,0.0,0,0,light,0,0,0.0,51,0,0
1295,20,6427,0.0,0,0,disk,0,0,0.0,51,0,0
1296,21,6742,0.0,0,0,,0,0,0.0,51,0,0
1297,22,7049,0.0,0,0,disk,0,0,0.0,51,0,0
1298,23,7360,0.0,0,0,disk,0,0,0.0,51,0,0
1299,24,7683,0.0,0,0,disk,0,0,0.0,51,0,0
1300,25,8002,0.0,0,0,,0,0,0.0,51,0,0
1301,1,321,0.0,0,0,light,0,0,0.0,52,1,25
1302,2,640,0.0,0,0,oval,0,0,0.0,52,0,0
1303,3,963,0.0,0,0,,0,0,0.0,52,0,0
1304,4,1284,0.0,0,0,circle,0,0,0.0,52,0,0
1305,5,1609,0.0,0,0,circle,1,1,1.0,52,0,0
1306,6,1924,0.0,0,0,light,0,0,0.0,52,0,0
1307,7,2241,0.0,0,0,disk,0,0,0.0,52,0,0
1308,8,2560,0.0,0,0,disk,0,0,0.0,52,0,0
1309,9,2877,0.0,0,0,light,0,0,0.0,52,0,0
1310,10,3190,0.0,0,0,disk,0,0,0.0,52,0,0
1311,11,3507,0.0,0,0,disk,0,0,0.0,52,0,0
1312,12,3834,0.0,0,0,fireball,0,0,0.0,52,0,0
1313,13,4151,0.0,0,0,disk,0,0,0.0,52,0,0
1314,14,4468,0.0,0,0,disk,0,0,0.0,52,0,0
1315,15,4789,0.0,0,0,disk,0,0,0.0,52,0,0
1316,16,5112,0.0,0,0,disk,0,0,0.0,52,0,0
1317,17,5435,0.0,0,0,circle,0,0,0.0,52,0,0
1318,18,5752,0.0,0,0,light,0,0,0.0,52,0,0
1319,19,6069,0.0,0,0,circle,0,0,0.0,52,0,0
1320,20,6386,0.0,0,0,cigar,1,1,1.0,52,0,0
1321,21,6707,0.0,0,0,disk,0,0,0.0,52,0,0
1322,22,7028,0.0,0,0,circle,0,0,0.0,52,0,0
1323,23,7355,0.0,0,0,other,0,0,0.0,52,0,0
1324,24,7668,0.0,0,0,sphere,0,0,0.0,52,0,0
1325,25,7981,0.0,0,0,cigar,0,0,0.0,52,0,0
1326,1,321,0.0,0,0,disk,0,0,0.0,53,1,25
1327,2,642,0.0,0,0,fireball,0,0,0.0,53,0,0
1328,3,957,0.0,0,0,oval,0,0,0.0,53,0,0
1329,4,1282,0.0,0,0,fireball,0,0,0.0,53,0,0
1330,5,1603,0.0,0,0,sphere,0,0,0.0,53,0,0
1331,6,1916,0.0,0,0,oval,0,0,0.0,53,0,0
1332,7,2227,0.0,0,0,,0,0,0.0,53,0,0
1333,8,2550,0.0,0,0,diamond,0,0,0.0,53,0,0
1334,9,2863,0.0,0,0,other,0,0,0.0,53,0,0
1335,10,3176,0.0,0,0,disk,1,1,1.0,53,0,0
1336,11,3493,0.0,0,0,disk,0,0,0.0,53,0,0
1337,12,3808,0.0,0,0,oval,0,0,0.0,53,0,0
1338,13,4131,0.0,0,0,cigar,0,0,0.0,53,0,0
1339,14,4448,0.0,0,0,disk,0,0,0.0,53,0,0
1340,15,4765,0.0,0,0,disk,0,0,0.0,53,0,0
1341,16,5090,0.0,0,0,light,0,0,0.0,53,0,0
1342,17,5411,0.0,0,0,,0,0,0.0,53,0,0
1343,18,5728,0.0,0,0,disk,0,0,0.0,53,0,0
1344,19,6057,0.0,0,0,light,0,0,0.0,53,0,0
1345,20,6372,0.0,0,0,disk,0,0,0.0,53,0,0
1346,21,6685,0.0,0,0,cigar,0,0,0.0,53,0,0
1347,22,7008,0.0,0,0,sphere,0,0,0.0,53,0,0
1348,23,7318,0.0,0,0,light,0,0,0.0,53,0,0
1349,24,7641,0.0,0,0,circle,0,0,0.0,53,0,0
1350,25,7948,0.0,0,0,egg,1,1,1.0,53,0,0
1351,1,315,0.0,0,0,circle,0,0,0.0,54,1,25
1352,2,632,0.0,0,0,,0,0,0.0,54,0,0
1353,3,939,0.0,0,0,sphere,0,0,0.0,54,0,0
1354,4,1254,0.0,0,0,cigar,0,0,0.0,54,0,0
1355,5,1567,0.0,0,0,disk,0,0,0.0,54,0,0
1356,6,1884,0.0,0,0,oval,0,0,0.0,54,0,0
1357,7,2197,0.0,0,0,oval,0,0,0.0,54,0,0
1358,8,2510,0.0,0,0,disk,0,0,0.0,54,0,0
1359,9,2833,0.0,0,0,triangle,0,0,0.0,54,0,0
1360,10,3166,0.0,0,0,formation,0,0,0.0,54,0,0
1361,11,3477,0.0,0,0,disk,0,0,0.0,54,0,0
1362,12,3800,0.0,0,0,circle,0,0,0.0,54,0,0
1363,13,4119,0.0,0,0,circle,0,0,0.0,54,0,0
1364,14,4436,0.0,0,0,other,0,0,0.0,54,0,0
1365,15,4741,0.0,0,0,disk,1,1,1.0,54,0,0
1366,16,5064,0.0,0,0,triangle,0,0,0.0,54,0,0
1367,17,5379,0.0,0,0,,0,0,0.0,54,0,0
1368,18,5698,0.0,0,0,oval,0,0,0.0,54,0,0
1369,19,6009,0.0,0,0,,0,0,0.0,54,0,0
1370,20,6334,0.0,0,0,,0,0,0.0,54,0,0
1371,21,6649,0.0,0,0,circle,0,0,0.0,54,0,0
1372,22,6966,0.0,0,0,triangle,0,0,0.0,54,0,0
1373,23,7283,0.0,0,0,disk,0,0,0.0,54,0,0
1374,24,7608,0.0,0,0,circle,0,0,0.0,54,0,0
1375,25,7929,0.0,0,0,circle,0,0,0.0,54,0,0
1376,1,317,0.0,0,0,disk,0,0,0.0,55,1,25
1377,2,622,0.0,0,0,disk,0,0,0.0,55,0,0
1378,3,949,0.0,0,0,circle,0,0,0.0,55,0,0
1379,4,1261,0.0,0,0,circle,0,0,0.0,55,0,0
1380,5,1574,0.0,0,0,oval,1,1,1.0,55,0,0
1381,6,1891,0.0,0,0,light,0,0,0.0,55,0,0
1382,7,2208,0.0,0,0,disk,0,0,0.0,55,0,0
1383,8,2529,0.0,0,0,circle,0,0,0.0,55,0,0
1384,9,2856,0.0,0,0,,0,0,0.0,55,0,0
1385,10,3165,0.0,0,0,disk,0,0,0.0,55,0,0
1386,11,3502,0.0,0,0,light,0,0,0.0,55,0,0
1387,12,3815,0.0,0,0,disk,0,0,0.0,55,0,0
1388,13,4132,0.0,0,0,triangle,0,0,0.0,55,0,0
1389,14,4453,0.0,0,0,other,0,0,0.0,55,0,0
1390,15,4772,0.0,0,0,oval,0,0,0.0,55,0,0
1391,16,5093,0.0,0,0,light,0,0,0.0,55,0,0
1392,17,5412,0.0,0,0,,0,0,0.0,55,0,0
1393,18,5737,0.0,0,0,disk,0,0,0.0,55,0,0
1394,19,6076,0.0,0,0,fireball,0,0,0.0,55,0,0
1395,20,6389,0.0,0,0,cigar,1,1,1.0,55,0,0
1396,21,6718,0.0,0,0,,0,0,0.0,55,0,0
1397,22,7037,0.0,0,0,disk,0,0,0.0,55,0,0
1398,23,7356,0.0,0,0,,0,0,0.0,55,0,0
1399,24,7673,0.0,0,0,disk,0,0,0.0,55,0,0
1400,25,7980,0.0,0,0,disk,0,0,0.0,55,0,0
1401,1,313,0.0,0,0,disk,0,0,0.0,56,1,25
1402,2,624,0.0,0,0,light,0,0,0.0,56,0,0
1403,3,933,0.0,0,0,light,0,0,0.0,56,0,0
1404,4,1246,0.0,0,0,light,0,0,0.0,56,0,0
1405,5,1561,0.0,0,0,light,0,0,0.0,56,0,0
1406,6,1872,0.0,0,0,disk,0,0,0.0,56,0,0
1407,7,2209,0.0,0,0,light,0,0,0.0,56,0,0
1408,8,2516,0.0,0,0,disk,0,0,0.0,56,0,0
1409,9,2837,0.0,0,0,disk,0,0,0.0,56,0,0
1410,10,3151,0.0,0,0,light,1,1,1.0,56,0,0
1411,11,3470,0.0,0,0,circle,0,0,0.0,56,0,0
1412,12,3785,0.0,0,0,other,0,0,0.0,56,0,0
1413,13,4096,0.0,0,0,disk,0,0,0.0,56,0,0
1414,14,4417,0.0,0,0,rectangle,0,0,0.0,56,0,0
1415,15,4738,0.0,0,0,light,0,0,0.0,56,0,0
1416,16,5053,0.0,0,0,disk,0,0,0.0,56,0,0
1417,17,5382,0.0,0,0,other,0,0,0.0,56,0,0
1418,18,5697,0.0,0,0,various,0,0,0.0,56,0,0
1419,19,6018,0.0,0,0,disk,0,0,0.0,56,0,0
1420,20,6331,0.0,0,0,oval,0,0,0.0,56,0,0
1421,21,6648,0.0,0,0,,0,0,0.0,56,0,0
1422,22,6973,0.0,0,0,cylinder,0,0,0.0,56,0,0
1423,23,7280,0.0,0,0,circle,0,0,0.0,56,0,0
1424,24,7591,0.0,0,0,egg,0,0,0.0,56,0,0
1425,25,7902,0.0,0,0,cigar,1,1,1.0,56,0,0
1426,1,331,0.0,0,0,circle,0,0,0.0,57,1,25
1427,2,640,0.0,0,0,disk,0,0,0.0,57,0,0
1428,3,959,0.0,0,0,,0,0,0.0,57,0,0
1429,4,1276,0.0,0,0,disk,0,0,0.0,57,0,0
1430,5,1591,0.0,0,0,triangle,0,0,0.0,57,0,0
1431,6,1916,0.0,0,0,teardrop,0,0,0.0,57,0,0
1432,7,2239,0.0,0,0,oval,0,0,0.0,57,0,0
1433,8,2552,0.0,0,0,disk,0,0,0.0,57,0,0
1434,9,2863,0.0,0,0,oval,0,0,0.0,57,0,0
1435,10,3192,0.0,0,0,disk,0,0,0.0,57,0,0
1436,11,3509,0.0,0,0,,0,0,0.0,57,0,0
1437,12,3830,0.0,0,0,,0,0,0.0,57,0,0
1438,13,4145,0.0,0,0,,0,0,0.0,57,0,0
1439,14,4464,0.0,0,0,light,0,0,0.0,57,0,0
1440,15,4791,0.0,0,0,disk,1,1,1.0,57,0,0
1441,16,5122,0.0,0,0,formation,0,0,0.0,57,0,0
1442,17,5443,0.0,0,0,circle,0,0,0.0,57,0,0
1443,18,5752,0.0,0,0,flash,0,0,0.0,57,0,0
1444,19,6073,0.0,0,0,,0,0,0.0,57,0,0
1445,20,6394,0.0,0,0,circle,0,0,0.0,57,0,0
1446,21,6703,0.0,0,0,disk,0,0,0.0,57,0,0
1447,22,7012,0.0,0,0,disk,0,0,0.0,57,0,0
1448,23,7335,0.0,0,0,disk,0,0,0.0,57,0,0
1449,24,7660,0.0,0,0,disk,0,0,0.0,57,0,0
1450,25,7983,0.0,0,0,cigar,0,0,0.0,57,0,0
1451,1,317,0.0,0,0,egg,0,0,0.0,58,1,25
1452,2,632,0.0,0,0,disk,0,0,0.0,58,0,0
1453,3,943,0.0,0,0,oval,0,0,0.0,58,0,0
1454,4,1272,0.0,0,0,cylinder,0,0,0.0,58,0,0
1455,5,1592,0.0,0,0,oval,1,1,1.0,58,0,0
1456,6,1905,0.0,0,0,disk,0,0,0.0,58,0,0
1457,7,2226,0.0,0,0,,0,0,0.0,58,0,0
1458,8,2533,0.0,0,0,disk,0,0,0.0,58,0,0
1459,9,2864,0.0,0,0,circle,0,0,0.0,58,0,0
1460,10,3183,0.0,0,0,,0,0,0.0,58,0,0
1461,11,3504,0.0,0,0,sphere,0,0,0.0,58,0,0
1462,12,3831,0.0,0,0,light,0,0,0.0,58,0,0
1463,13,4146,0.0,0,0,disk,0,0,0.0,58,0,0
1464,14,4459,0.0,0,0,,0,0,0.0,58,0,0
1465,15,4794,0.0,0,0,cigar,0,0,0.0,58,0,0
1466,16,5119,0.0,0,0,disk,0,0,0.0,58,0,0
1467,17,5438,0.0,0,0,circle,0,0,0.0,58,0,0
1468,18,5753,0.0,0,0,circle,0,0,0.0,58,0,0
1469,19,6066,0.0,0,0,circle,0,0,0.0,58,0,0
1470,20,6387,0.0,0,0,,0,0,0.0,58,0,0
1471,21,6710,0.0,0,0,oval,0,0,0.0,58,0,0
1472,22,7025,0.0,0,0,sphere,0,0,0.0,58,0,0
1473,23,7340,0.0,0,0,sphere,0,0,0.0,58,0,0
1474,24,7661,0.0,0,0,circle,0,0,0.0,58,0,0
1475,25,7974,0.0,0,0,cigar,0,0,0.0,58,0,0
1476,1,318,0.0,0,0,,0,0,0.0,59,1,25
1477,2,637,0.0,0,0,disk,0,0,0.0,59,0,0
1478,3,950,0.0,0,0,other,0,0,0.0,59,0,0
1479,4,1267,0.0,0,0,light,0,0,0.0,59,0,0
1480,5,1590,0.0,0,0,triangle,0,0,0.0,59,0,0
1481,6,1915,0.0,0,0,,0,0,0.0,59,0,0
1482,7,2244,0.0,0,0,,0,0,0.0,59,0,0
1483,8,2569,0.0,0,0,light,0,0,0.0,59,0,0
1484,9,2881,0.0,0,0,circle,0,0,0.0,59,0,0
1485,10,3190,0.0,0,0,disk,1,1,1.0,59,0,0
1486,11,3521,0.0,0,0,,0,0,0.0,59,0,0
1487,12,3830,0.0,0,0,light,0,0,0.0,59,0,0
1488,13,4147,0.0,0,0,,0,0,0.0,59,0,0
1489,14,4464,0.0,0,0,,0,0,0.0,59,0,0
1490,15,4793,0.0,0,0,sphere,0,0,0.0,59,0,0
1491,16,5122,0.0,0,0,other,0,0,0.0,59,0,0
1492,17,5439,0.0,0,0,other,0,0,0.0,59,0,0
1493,18,5758,0.0,0,0,disk,0,0,0.0,59,0,0
1494,19,6081,0.0,0,0,,0,0,0.0,59,0,0
1495,20,6381,0.0,0,0,oval,0,0,0.0,59,0,0
1496,21,6704,0.0,0,0,light,0,0,0.0,59,0,0
1497,22,7023,0.0,0,0,disk,0,0,0.0,59,0,0
1498,23,7344,0.0,0,0,light,0,0,0.0,59,0,0
1499,24,7667,0.0,0,0,sphere,0,0,0.0,59,0,0
1500,25,7978,0.0,0,0,light,1,1,1.0,59,0,0
1501,1,315,0.0,0,0,sphere,0,0,0.0,60,1,25
1502,2,626,0.0,0,0,cigar,0,0,0.0,60,0,0
1503,3,949,0.0,0,0,sphere,0,0,0.0,60,0,0
1504,4,1258,0.0,0,0,disk,0,0,0.0,60,0,0
1505,5,1577,0.0,0,0,,0,0,0.0,60,0,0
1506,6,1882,0.0,0,0,disk,0,0,0.0,60,0,0
1507,7,2203,0.0,0,0,disk,0,0,0.0,60,0,0
1508,8,2520,0.0,0,0,light,0,0,0.0,60,0,0
1509,9,2831,0.0,0,0,various,0,0,0.0,60,0,0
1510,10,3158,0.0,0,0,sphere,0,0,0.0,60,0,0
1511,11,3487,0.0,0,0,various,0,0,0.0,60,0,0
1512,12,3806,0.0,0,0,other,0,0,0.0,60,0,0
1513,13,4121,0.0,0,0,disk,0,0,0.0,60,0,0
1514,14,4458,0.0,0,0,triangle,0,0,0.0,60,0,0
1515,15,4783,0.0,0,0,,0,0,0.0,60,0,0
1516,16,5104,0.0,0,0,other,0,0,0.0,60,0,0
1517,17,5421,0.0,0,0,disk,0,0,0.0,60,0,0
1518,18,5732,0.0,0,0,disk,0,0,0.0,60,0,0
1519,19,6065,0.0,0,0,teardrop,0,0,0.0,60,0,0
1520,20,6380,0.0,0,0,sphere,0,0,0.0,60,0,0
1521,21,6694,0.0,0,0,circle,0,0,0.0,60,0,0
1522,22,7007,0.0,0,0,light,0,0,0.0,60,0,0
1523,23,7332,0.0,0,0,triangle,0,0,0.0,60,0,0
1524,24,7655,0.0,0,0,disk,0,0,0.0,60,0,0
1525,25,7974,0.0,0,0,light,0,0,0.0,60,0,0
1526,1,307,0.0,0,0,disk,0,0,0.0,61,1,25
1527,2,634,0.0,0,0,light,0,0,0.0,61,0,0
1528,3,957,0.0,0,0,circle,0,0,0.0,61,0,0
1529,4,1278,0.0,0,0,circle,0,0,0.0,61,0,0
1530,5,1601,0.0,0,0,circle,1,1,1.0,61,0,0
1531,6,1920,0.0,0,0,egg,0,0,0.0,61,0,0
1532,7,2231,0.0,0,0,disk,0,0,0.0,61,0,0
1533,8,2538,0.0,0,0,oval,0,0,0.0,61,0,0
1534,9,2865,0.0,0,0,,0,0,0.0,61,0,0
1535,10,3160,0.0,0,0,disk,0,0,0.0,61,0,0
1536,11,3489,0.0,0,0,fireball,0,0,0.0,61,0,0
1537,12,3806,0.0,0,0,oval,0,0,0.0,61,0,0
1538,13,4131,0.0,0,0,,0,0,0.0,61,0,0
1539,14,4440,0.0,0,0,other,0,0,0.0,61,0,0
1540,15,4791,0.0,0,0,formation,0,0,0.0,61,0,0
1541,16,5104,0.0,0,0,disk,0,0,0.0,61,0,0
1542,17,5451,0.0,0,0,,0,0,0.0,61,0,0
1543,18,5760,0.0,0,0,disk,0,0,0.0,61,0,0
1544,19,6071,0.0,0,0,disk,0,0,0.0,61,0,0
1545,20,6406,0.0,0,0,sphere,1,1,1.0,61,0,0
1546,21,6727,0.0,0,0,sphere,0,0,0.0,61,0,0
1547,22,7054,0.0,0,0,cigar,0,0,0.0,61,0,0
1548,23,7369,0.0,0,0,light,0,0,0.0,61,0,0
1549,24,7682,0.0,0,0,,0,0,0.0,61,0,0
1550,25,8000,0.0,0,0,sphere,0,0,0.0,61,0,0
1551,1,327,0.0,0,0,circle,0,0,0.0,62,1,25
1552,2,636,0.0,0,0,disk,0,0,0.0,62,0,0
1553,3,957,0.0,0,0,disk,0,0,0.0,62,0,0
1554,4,1276,0.0,0,0,egg,0,0,0.0,62,0,0
1555,5,1589,0.0,0,0,disk,0,0,0.0,62,0,0
1556,6,1916,0.0,0,0,triangle,0,0,0.0,62,0,0
1557,7,2239,0.0,0,0,disk,0,0,0.0,62,0,0
1558,8,2536,0.0,0,0,disk,0,0,0.0,62,0,0
1559,9,2859,0.0,0,0,,0,0,0.0,62,0,0
1560,10,3182,0.0,0,0,other,1,1,1.0,62,0,0
1561,11,3493,0.0,0,0,disk,0,0,0.0,62,0,0
1562,12,3806,0.0,0,0,other,0,0,0.0,62,0,0
1563,13,4135,0.0,0,0,other,0,0,0.0,62,0,0
1564,14,4446,0.0,0,0,circle,0,0,0.0,62,0,0
1565,15,4769,0.0,0,0,,0,0,0.0,62,0,0
1566,16,5100,0.0,0,0,disk,0,0,0.0,62,0,0
1567,17,5413,0.0,0,0,other,0,0,0.0,62,0,0
1568,18,5726,0.0,0,0,,0,0,0.0,62,0,0
1569,19,6041,0.0,0,0,cigar,0,0,0.0,62,0,0
1570,20,6344,0.0,0,0,disk,0,0,0.0,62,0,0
1571,21,6651,0.0,0,0,disk,0,0,0.0,62,0,0
1572,22,6972,0.0,0,0,sphere,0,0,0.0,62,0,0
1573,23,7287,0.0,0,0,light,0,0,0.0,62,0,0
1574,24,7612,0.0,0,0,,0,0,0.0,62,0,0
1575,25,7943,0.0,0,0,light,1,1,1.0,62,0,0
1576,1,310,0.0,0,0,light,0,0,0.0,63,1,25
1577,2,632,0.0,0,0,sphere,0,0,0.0,63,0,0
1578,3,949,0.0,0,0,cylinder,0,0,0.0,63,0,0
1579,4,1272,0.0,0,0,circle,0,0,0.0,63,0,0
1580,5,1585,0.0,0,0,sphere,0,0,0.0,63,0,0
1581,6,1900,0.0,0,0,disk,0,0,0.0,63,0,0
1582,7,2215,0.0,0,0,disk,0,0,0.0,63,0,0
1583,8,2530,0.0,0,0,oval,0,0,0.0,63,0,0
1584,9,2847,0.0,0,0,cylinder,0,0,0.0,63,0,0
1585,10,3160,0.0,0,0,disk,0,0,0.0,63,0,0
1586,11,3473,0.0,0,0,disk,0,0,0.0,63,0,0
1587,12,3798,0.0,0,0,cylinder,0,0,0.0,63,0,0
1588,13,4111,0.0,0,0,disk,0,0,0.0,63,0,0
1589,14,4428,0.0,0,0,rectangle,0,0,0.0,63,0,0
1590,15,4741,0.0,0,0,disk,1,1,1.0,63,0,0
1591,16,5054,0.0,0,0,oval,0,0,0.0,63,0,0
1592,17,5375,0.0,0,0,fireball,0,0,0.0,63,0,0
1593,18,5694,0.0,0,0,,0,0,0.0,63,0,0
1594,19,6007,0.0,0,0,light,0,0,0.0,63,0,0
1595,20,6330,0.0,0,0,cylinder,0,0,0.0,63,0,0
1596,21,6655,0.0,0,0,light,0,0,0.0,63,0,0
1597,22,6968,0.0,0,0,disk,0,0,0.0,63,0,0
1598,23,7297,0.0,0,0,light,0,0,0.0,63,0,0
1599,24,7614,0.0,0,0,,0,0,0.0,63,0,0
1600,25,7916,0.0,0,0,disk,0,0,0.0,63,0,0
1601,1,321,0.0,0,0,various,0,0,0.0,64,1,25
1602,2,648,0.0,0,0,light,0,0,0.0,64,0,0
1603,3,973,0.0,0,0,disk,0,0,0.0,64,0,0
1604,4,1280,0.0,0,0,sphere,0,0,0.0,64,0,0
1605,5,1595,0.0,0,0,oval,1,1,1.0,64,0,0
1606,6,1924,0.0,0,0,oval,0,0,0.0,64,0,0
1607,7,2241,0.0,0,0,disk,0,0,0.0,64,0,0
1608,8,2564,0.0,0,0,circle,0,0,0.0,64,0,0
1609,9,2885,0.0,0,0,cigar,0,0,0.0,64,0,0
1610,10,3202,0.0,0,0,light,0,0,0.0,64,0,0
1611,11,3523,0.0,0,0,oval,0,0,0.0,64,0,0
1612,12,3832,0.0,0,0,flash,0,0,0.0,64,0,0
1613,13,4151,0.0,0,0,disk,0,0,0.0,64,0,0
1614,14,4470,0.0,0,0,cigar,0,0,0.0,64,0,0
1615,15,4805,0.0,0,0,triangle,0,0,0.0,64,0,0
1616,16,5126,0.0,0,0,oval,0,0,0.0,64,0,0
1617,17,5443,0.0,0,0,,0,0,0.0,64,0,0
1618,18,5764,0.0,0,0,disk,0,0,0.0,64,0,0
1619,19,6085,0.0,0,0,disk,0,0,0.0,64,0,0
1620,20,6396,0.0,0,0,circle,1,1,1.0,64,0,0
1621,21,6709,0.0,0,0,sphere,0,0,0.0,64,0,0
1622,22,7030,0.0,0,0,disk,0,0,0.0,64,0,0
1623,23,7345,0.0,0,0,disk,0,0,0.0,64,0,0
1624,24,7662,0.0,0,0,other,0,0,0.0,64,0,0
1625,25,7981,0.0,0,0,triangle,0,0,0.0,64,0,0
1626,1,319,0.0,0,0,sphere,0,0,0.0,65,1,25
1627,2,634,0.0,0,0,circle,0,0,0.0,65,0,0
1628,3,949,0.0,0,0,fireball,0,0,0.0,65,0,0
1629,4,1270,0.0,0,0,triangle,0,0,0.0,65,0,0
1630,5,1585,0.0,0,0,disk,0,0,0.0,65,0,0
1631,6,1894,0.0,0,0,cigar,0,0,0.0,65,0,0
1632,7,2217,0.0,0,0,circle,0,0,0.0,65,0,0
1633,8,2548,0.0,0,0,formation,0,0,0.0,65,0,0
1634,9,2883,0.0,0,0,light,0,0,0.0,65,0,0
1635,10,3224,0.0,0,0,light,1,1,1.0,65,0,0
1636,11,3539,0.0,0,0,triangle,0,0,0.0,65,0,0
1637,12,3868,0.0,0,0,circle,0,0,0.0,65,0,0
1638,13,4187,0.0,0,0,light,0,0,0.0,65,0,0
1639,14,4510,0.0,0,0,sphere,0,0,0.0,65,0,0
1640,15,4833,0.0,0,0,fireball,0,0,0.0,65,0,0
1641,16,5146,0.0,0,0,disk,0,0,0.0,65,0,0
1642,17,5459,0.0,0,0,light,0,0,0.0,65,0,0
1643,18,5790,0.0,0,0,circle,0,0,0.0,65,0,0
1644,19,6109,0.0,0,0,cigar,0,0,0.0,65,0,0
1645,20,6434,0.0,0,0,cigar,0,0,0.0,65,0,0
1646,21,6741,0.0,0,0,disk,0,0,0.0,65,0,0
1647,22,7048,0.0,0,0,circle,0,0,0.0,65,0,0
1648,23,7379,0.0,0,0,sphere,0,0,0.0,65,0,0
1649,24,7690,0.0,0,0,other,0,0,0.0,65,0,0
1650,25,8029,0.0,0,0,,0,0,0.0,65,0,0
1651,1,317,0.0,0,0,disk,0,0,0.0,66,1,25
1652,2,636,0.0,0,0,circle,0,0,0.0,66,0,0
1653,3,961,0.0,0,0,light,0,0,0.0,66,0,0
1654,4,1272,0.0,0,0,circle,0,0,0.0,66,0,0
1655,5,1587,0.0,0,0,cigar,0,0,0.0,66,0,0
1656,6,1898,0.0,0,0,oval,0,0,0.0,66,0,0
1657,7,2215,0.0,0,0,cigar,0,0,0.0,66,0,0
1658,8,2548,0.0,0,0,light,0,0,0.0,66,0,0
1659,9,2867,0.0,0,0,,0,0,0.0,66,0,0
1660,10,3192,0.0,0,0,,0,0,0.0,66,0,0
1661,11,3511,0.0,0,0,circle,0,0,0.0,66,0,0
1662,12,3830,0.0,0,0,formation,0,0,0.0,66,0,0
1663,13,4151,0.0,0,0,cylinder,0,0,0.0,66,0,0
1664,14,4457,0.0,0,0,other,0,0,0.0,66,0,0
1665,15,4772,0.0,0,0,,0,0,0.0,66,0,0
1666,16,5091,0.0,0,0,disk,0,0,0.0,66,0,0
1667,17,5406,0.0,0,0,cigar,0,0,0.0,66,0,0
1668,18,5733,0.0,0,0,light,0,0,0.0,66,0,0
1669,19,6054,0.0,0,0,flash,0,0,0.0,66,0,0
1670,20,6367,0.0,0,0,light,0,0,0.0,66,0,0
1671,21,6682,0.0,0,0,disk,0,0,0.0,66,0,0
1672,22,6997,0.0,0,0,,0,0,0.0,66,0,0
1673,23,7312,0.0,0,0,disk,0,0,0.0,66,0,0
1674,24,7629,0.0,0,0,disk,0,0,0.0,66,0,0
1675,25,7946,0.0,0,0,disk,0,0,0.0,66,0,0
1676,1,325,0.0,0,0,formation,0,0,0.0,67,1,25
1677,2,648,0.0,0,0,light,0,0,0.0,67,0,0
1678,3,961,0.0,0,0,sphere,0,0,0.0,67,0,0
1679,4,1272,0.0,0,0,light,0,0,0.0,67,0,0
1680,5,1585,0.0,0,0,other,1,1,1.0,67,0,0
1681,6,1902,0.0,0,0,disk,0,0,0.0,67,0,0
1682,7,2229,0.0,0,0,sphere,0,0,0.0,67,0,0
1683,8,2544,0.0,0,0,circle,0,0,0.0,67,0,0
1684,9,2869,0.0,0,0,oval,0,0,0.0,67,0,0
1685,10,3184,0.0,0,0,disk,0,0,0.0,67,0,0
1686,11,3495,0.0,0,0,oval,0,0,0.0,67,0,0
1687,12,3811,0.0,0,0,circle,0,0,0.0,67,0,0
1688,13,4138,0.0,0,0,light,0,0,0.0,67,0,0
1689,14,4451,0.0,0,0,light,0,0,0.0,67,0,0
1690,15,4758,0.0,0,0,disk,0,0,0.0,67,0,0
1691,16,5068,0.0,0,0,various,0,0,0.0,67,0,0
1692,17,5387,0.0,0,0,disk,0,0,0.0,67,0,0
1693,18,5696,0.0,0,0,disk,0,0,0.0,67,0,0
1694,19,6033,0.0,0,0,,0,0,0.0,67,0,0
1695,20,6354,0.0,0,0,chevron,1,1,1.0,67,0,0
1696,21,6677,0.0,0,0,chevron,0,0,0.0,67,0,0
1697,22,6996,0.0,0,0,light,0,0,0.0,67,0,0
1698,23,7305,0.0,0,0,disk,0,0,0.0,67,0,0
1699,24,7626,0.0,0,0,light,0,0,0.0,67,0,0
1700,25,7945,0.0,0,0,sphere,0,0,0.0,67,0,0
1701,1,315,0.0,0,0,oval,0,0,0.0,68,1,25
1702,2,632,0.0,0,0,,0,0,0.0,68,0,0
1703,3,955,0.0,0,0,cigar,0,0,0.0,68,0,0
1704,4,1271,0.0,0,0,fireball,0,0,0.0,68,0,0
1705,5,1580,0.0,0,0,disk,0,0,0.0,68,0,0
1706,6,1891,0.0,0,0,egg,0,0,0.0,68,0,0
1707,7,2214,0.0,0,0,formation,0,0,0.0,68,0,0
1708,8,2534,0.0,0,0,cigar,0,0,0.0,68,0,0
1709,9,2849,0.0,0,0,cigar,0,0,0.0,68,0,0
1710,10,3158,0.0,0,0,,0,0,0.0,68,0,0
1711,11,3470,0.0,0,0,disk,0,0,0.0,68,0,0
1712,12,3785,0.0,0,0,light,0,0,0.0,68,0,0
1713,13,4102,0.0,0,0,disk,0,0,0.0,68,0,0
1714,14,4417,0.0,0,0,disk,0,0,0.0,68,0,0
1715,15,4730,0.0,0,0,disk,0,0,0.0,68,0,0
1716,16,5041,0.0,0,0,other,0,0,0.0,68,0,0
1717,17,5352,0.0,0,0,cigar,0,0,0.0,68,0,0
1718,18,5683,0.0,0,0,triangle,0,0,0.0,68,0,0
1719,19,5996,0.0,0,0,disk,0,0,0.0,68,0,0
1720,20,6305,0.0,0,0,disk,0,0,0.0,68,0,0
1721,21,6628,0.0,0,0,oval,0,0,0.0,68,0,0
1722,22,6941,0.0,0,0,disk,0,0,0.0,68,0,0
1723,23,7258,0.0,0,0,light,0,0,0.0,68,0,0
1724,24,7589,0.0,0,0,triangle,0,0,0.0,68,0,0
1725,25,7902,0.0,0,0,light,1,1,1.0,68,0,0
1726,1,319,0.0,0,0,diamond,0,0,0.0,69,1,25
1727,2,638,0.0,0,0,oval,0,0,0.0,69,0,0
1728,3,953,0.0,0,0,other,0,0,0.0,69,0,0
1729,4,1274,0.0,0,0,cigar,0,0,0.0,69,0,0
1730,5,1599,0.0,0,0,,0,0,0.0,69,0,0
1731,6,1914,0.0,0,0,,0,0,0.0,69,0,0
1732,7,2229,0.0,0,0,other,0,0,0.0,69,0,0
1733,8,2542,0.0,0,0,oval,0,0,0.0,69,0,0
1734,9,2867,0.0,0,0,triangle,0,0,0.0,69,0,0
1735,10,3188,0.0,0,0,triangle,0,0,0.0,69,0,0
1736,11,3495,0.0,0,0,disk,0,0,0.0,69,0,0
1737,12,3822,0.0,0,0,disk,0,0,0.0,69,0,0
1738,13,4155,0.0,0,0,light,0,0,0.0,69,0,0
1739,14,4474,0.0,0,0,disk,0,0,0.0,69,0,0
1740,15,4803,0.0,0,0,disk,1,1,1.0,69,0,0
1741,16,5118,0.0,0,0,disk,0,0,0.0,69,0,0
1742,17,5443,0.0,0,0,,0,0,0.0,69,0,0
1743,18,5768,0.0,0,0,disk,0,0,0.0,69,0,0
1744,19,6095,0.0,0,0,fireball,0,0,0.0,69,0,0
1745,20,6422,0.0,0,0,fireball,0,0,0.0,69,0,0
1746,21,6741,0.0,0,0,cigar,0,0,0.0,69,0,0
1747,22,7054,0.0,0,0,disk,0,0,0.0,69,0,0
1748,23,7375,0.0,0,0,,0,0,0.0,69,0,0
1749,24,7694,0.0,0,0,,0,0,0.0,69,0,0
1750,25,8039,0.0,0,0,disk,0,0,0.0,69,0,0
1751,1,313,0.0,0,0,disk,0,0,0.0,70,1,25
1752,2,626,0.0,0,0,light,0,0,0.0,70,0,0
1753,3,945,0.0,0,0,disk,0,0,0.0,70,0,0
1754,4,1260,0.0,0,0,sphere,0,0,0.0,70,0,0
1755,5,1583,0.0,0,0,,0,0,0.0,70,0,0
1756,6,1904,0.0,0,0,light,0,0,0.0,70,0,0
1757,7,2233,0.0,0,0,,0,0,0.0,70,0,0
1758,8,2560,0.0,0,0,cylinder,0,0,0.0,70,0,0
1759,9,2875,0.0,0,0,circle,0,0,0.0,70,0,0
1760,10,3183,0.0,0,0,circle,0,0,0.0,70,0,0
1761,11,3496,0.0,0,0,light,0,0,0.0,70,0,0
1762,12,3819,0.0,0,0,,0,0,0.0,70,0,0
1763,13,4132,0.0,0,0,disk,0,0,0.0,70,0,0
1764,14,4447,0.0,0,0,circle,0,0,0.0,70,0,0
1765,15,4772,0.0,0,0,light,0,0,0.0,70,0,0
1766,16,5097,0.0,0,0,light,0,0,0.0,70,0,0
1767,17,5418,0.0,0,0,light,0,0,0.0,70,0,0
1768,18,5744,0.0,0,0,fireball,0,0,0.0,70,0,0
1769,19,6065,0.0,0,0,oval,0,0,0.0,70,0,0
1770,20,6380,0.0,0,0,other,1,1,1.0,70,0,0
1771,21,6699,0.0,0,0,light,0,0,0.0,70,0,0
1772,22,7009,0.0,0,0,other,0,0,0.0,70,0,0
1773,23,7332,0.0,0,0,other,0,0,0.0,70,0,0
1774,24,7651,0.0,0,0,cigar,0,0,0.0,70,0,0
1775,25,7964,0.0,0,0,circle,0,0,0.0,70,0,0
1776,1,317,0.0,0,0,oval,0,0,0.0,71,1,25
1777,2,632,0.0,0,0,cigar,0,0,0.0,71,0,0
1778,3,937,0.0,0,0,light,0,0,0.0,71,0,0
1779,4,1252,0.0,0,0,chevron,0,0,0.0,71,0,0
1780,5,1583,0.0,0,0,disk,0,0,0.0,71,0,0
1781,6,1900,0.0,0,0,,0,0,0.0,71,0,0
1782,7,2225,0.0,0,0,oval,0,0,0.0,71,0,0
1783,8,2536,0.0,0,0,disk,0,0,0.0,71,0,0
1784,9,2855,0.0,0,0,triangle,0,0,0.0,71,0,0
1785,10,3180,0.0,0,0,oval,1,1,1.0,71,0,0
1786,11,3501,0.0,0,0,other,0,0,0.0,71,0,0
1787,12,3816,0.0,0,0,cigar,0,0,0.0,71,0,0
1788,13,4133,0.0,0,0,cigar,0,0,0.0,71,0,0
1789,14,4456,0.0,0,0,disk,0,0,0.0,71,0,0
1790,15,4773,0.0,0,0,light,0,0,0.0,71,0,0
1791,16,5084,0.0,0,0,flash,0,0,0.0,71,0,0
1792,17,5407,0.0,0,0,disk,0,0,0.0,71,0,0
1793,18,5725,0.0,0,0,cigar,0,0,0.0,71,0,0
1794,19,6044,0.0,0,0,,0,0,0.0,71,0,0
1795,20,6371,0.0,0,0,disk,0,0,0.0,71,0,0
1796,21,6692,0.0,0,0,sphere,0,0,0.0,71,0,0
1797,22,7017,0.0,0,0,triangle,0,0,0.0,71,0,0
1798,23,7340,0.0,0,0,circle,0,0,0.0,71,0,0
1799,24,7663,0.0,0,0,cross,0,0,0.0,71,0,0
1800,25,7981,0.0,0,0,circle,1,1,1.0,71,0,0
1801,1,325,0.0,0,0,light,0,0,0.0,72,1,25
1802,2,658,0.0,0,0,fireball,0,0,0.0,72,0,0
1803,3,983,0.0,0,0,oval,0,0,0.0,72,0,0
1804,4,1300,0.0,0,0,disk,0,0,0.0,72,0,0
1805,5,1615,0.0,0,0,egg,0,0,0.0,72,0,0
1806,6,1940,0.0,0,0,circle,0,0,0.0,72,0,0
1807,7,2259,0.0,0,0,cigar,0,0,0.0,72,0,0
1808,8,2579,0.0,0,0,disk,0,0,0.0,72,0,0
1809,9,2906,0.0,0,0,cigar,0,0,0.0,72,0,0
1810,10,3219,0.0,0,0,,0,0,0.0,72,0,0
1811,11,3536,0.0,0,0,disk,0,0,0.0,72,0,0
1812,12,3845,0.0,0,0,sphere,0,0,0.0,72,0,0
1813,13,4160,0.0,0,0,,0,0,0.0,72,0,0
1814,14,4489,0.0,0,0,rectangle,0,0,0.0,72,0,0
1815,15,4810,0.0,0,0,cigar,1,1,1.0,72,0,0
1816,16,5127,0.0,0,0,other,0,0,0.0,72,0,0
1817,17,5442,0.0,0,0,,0,0,0.0,72,0,0
1818,18,5757,0.0,0,0,oval,0,0,0.0,72,0,0
1819,19,6080,0.0,0,0,circle,0,0,0.0,72,0,0
1820,20,6405,0.0,0,0,light,0,0,0.0,72,0,0
1821,21,6708,0.0,0,0,disk,0,0,0.0,72,0,0
1822,22,7029,0.0,0,0,disk,0,0,0.0,72,0,0
1823,23,7364,0.0,0,0,oval,0,0,0.0,72,0,0
1824,24,7687,0.0,0,0,oval,0,0,0.0,72,0,0
1825,25,8018,0.0,0,0,,0,0,0.0,72,0,0
1826,1,313,0.0,0,0,light,0,0,0.0,73,1,25
1827,2,622,0.0,0,0,disk,0,0,0.0,73,0,0
1828,3,935,0.0,0,0,light,0,0,0.0,73,0,0
1829,4,1244,0.0,0,0,oval,0,0,0.0,73,0,0
1830,5,1571,0.0,0,0,light,1,1,1.0,73,0,0
1831,6,1898,0.0,0,0,,0,0,0.0,73,0,0
1832,7,2251,0.0,0,0,flash,0,0,0.0,73,0,0
1833,8,2576,0.0,0,0,circle,0,0,0.0,73,0,0
1834,9,2897,0.0,0,0,circle,0,0,0.0,73,0,0
1835,10,3212,0.0,0,0,other,0,0,0.0,73,0,0
1836,11,3545,0.0,0,0,,0,0,0.0,73,0,0
1837,12,3870,0.0,0,0,other,0,0,0.0,73,0,0
1838,13,4185,0.0,0,0,circle,0,0,0.0,73,0,0
1839,14,4512,0.0,0,0,disk,0,0,0.0,73,0,0
1840,15,4845,0.0,0,0,cylinder,0,0,0.0,73,0,0
1841,16,5158,0.0,0,0,disk,0,0,0.0,73,0,0
1842,17,5479,0.0,0,0,light,0,0,0.0,73,0,0
1843,18,5783,0.0,0,0,disk,0,0,0.0,73,0,0
1844,19,6106,0.0,0,0,disk,0,0,0.0,73,0,0
1845,20,6431,0.0,0,0,disk,1,1,1.0,73,0,0
1846,21,6746,0.0,0,0,disk,0,0,0.0,73,0,0
1847,22,7063,0.0,0,0,,0,0,0.0,73,0,0
1848,23,7388,0.0,0,0,various,0,0,0.0,73,0,0
1849,24,7699,0.0,0,0,disk,0,0,0.0,73,0,0
1850,25,8014,0.0,0,0,sphere,0,0,0.0,73,0,0
1851,1,311,0.0,0,0,disk,0,0,0.0,74,1,25
1852,2,626,0.0,0,0,light,0,0,0.0,74,0,0
1853,3,941,0.0,0,0,light,0,0,0.0,74,0,0
1854,4,1260,0.0,0,0,various,0,0,0.0,74,0,0
1855,5,1573,0.0,0,0,disk,0,0,0.0,74,0,0
1856,6,1896,0.0,0,0,circle,0,0,0.0,74,0,0
1857,7,2203,0.0,0,0,disk,0,0,0.0,74,0,0
1858,8,2516,0.0,0,0,circle,0,0,0.0,74,0,0
1859,9,2829,0.0,0,0,,0,0,0.0,74,0,0
1860,10,3158,0.0,0,0,chevron,1,1,1.0,74,0,0
1861,11,3463,0.0,0,0,disk,0,0,0.0,74,0,0
1862,12,3778,0.0,0,0,disk,0,0,0.0,74,0,0
1863,13,4115,0.0,0,0,fireball,0,0,0.0,74,0,0
1864,14,4426,0.0,0,0,other,0,0,0.0,74,0,0
1865,15,4741,0.0,0,0,sphere,0,0,0.0,74,0,0
1866,16,5068,0.0,0,0,,0,0,0.0,74,0,0
1867,17,5397,0.0,0,0,disk,0,0,0.0,74,0,0
1868,18,5712,0.0,0,0,disk,0,0,0.0,74,0,0
1869,19,6025,0.0,0,0,other,0,0,0.0,74,0,0
1870,20,6354,0.0,0,0,,0,0,0.0,74,0,0
1871,21,6667,0.0,0,0,light,0,0,0.0,74,0,0
1872,22,6992,0.0,0,0,disk,0,0,0.0,74,0,0
1873,23,7307,0.0,0,0,circle,0,0,0.0,74,0,0
1874,24,7622,0.0,0,0,cigar,0,0,0.0,74,0,0
1875,25,7929,0.0,0,0,disk,1,1,1.0,74,0,0
1876,1,309,0.0,0,0,cigar,0,0,0.0,75,1,25
1877,2,630,0.0,0,0,sphere,0,0,0.0,75,0,0
1878,3,943,0.0,0,0,disk,0,0,0.0,75,0,0
1879,4,1256,0.0,0,0,disk,0,0,0.0,75,0,0
1880,5,1567,0.0,0,0,disk,0,0,0.0,75,0,0
1881,6,1890,0.0,0,0,circle,0,0,0.0,75,0,0
1882,7,2207,0.0,0,0,circle,0,0,0.0,75,0,0
1883,8,2532,0.0,0,0,circle,0,0,0.0,75,0,0
1884,9,2847,0.0,0,0,cigar,0,0,0.0,75,0,0
1885,10,3174,0.0,0,0,,0,0,0.0,75,0,0
1886,11,3491,0.0,0,0,disk,0,0,0.0,75,0,0
1887,12,3812,0.0,0,0,other,0,0,0.0,75,0,0
1888,13,4123,0.0,0,0,cigar,0,0,0.0,75,0,0
1889,14,4435,0.0,0,0,sphere,0,0,0.0,75,0,0
1890,15,4754,0.0,0,0,disk,1,1,1.0,75,0,0
1891,16,5077,0.0,0,0,sphere,0,0,0.0,75,0,0
1892,17,5388,0.0,0,0,cigar,0,0,0.0,75,0,0
1893,18,5712,0.0,0,0,circle,0,0,0.0,75,0,0
1894,19,6039,0.0,0,0,circle,0,0,0.0,75,0,0
1895,20,6356,0.0,0,0,disk,0,0,0.0,75,0,0
1896,21,6689,0.0,0,0,disk,0,0,0.0,75,0,0
1897,22,7042,0.0,0,0,various,0,0,0.0,75,0,0
1898,23,7353,0.0,0,0,light,0,0,0.0,75,0,0
1899,24,7678,0.0,0,0,oval,0,0,0.0,75,0,0
1900,25,7999,0.0,0,0,,0,0,0.0,75,0,0
1901,1,325,0.0,0,0,cigar,0,0,0.0,76,1,25
1902,2,642,0.0,0,0,disk,0,0,0.0,76,0,0
1903,3,954,0.0,0,0,disk,0,0,0.0,76,0,0
1904,4,1269,0.0,0,0,disk,0,0,0.0,76,0,0
1905,5,1598,0.0,0,0,,0,0,0.0,76,0,0
1906,6,1904,0.0,0,0,disk,0,0,0.0,76,0,0
1907,7,2226,0.0,0,0,circle,0,0,0.0,76,0,0
1908,8,2555,0.0,0,0,cigar,0,0,0.0,76,0,0
1909,9,2866,0.0,0,0,disk,0,0,0.0,76,0,0
1910,10,3185,0.0,0,0,circle,0,0,0.0,76,0,0
1911,11,3508,0.0,0,0,circle,0,0,0.0,76,0,0
1912,12,3819,0.0,0,0,other,0,0,0.0,76,0,0
1913,13,4152,0.0,0,0,light,0,0,0.0,76,0,0
1914,14,4475,0.0,0,0,disk,0,0,0.0,76,0,0
1915,15,4792,0.0,0,0,sphere,0,0,0.0,76,0,0
1916,16,5101,0.0,0,0,other,0,0,0.0,76,0,0
1917,17,5410,0.0,0,0,oval,0,0,0.0,76,0,0
1918,18,5741,0.0,0,0,light,0,0,0.0,76,0,0
1919,19,6058,0.0,0,0,disk,0,0,0.0,76,0,0
1920,20,6373,0.0,0,0,oval,1,1,1.0,76,0,0
1921,21,6734,0.0,0,0,formation,0,0,0.0,76,0,0
1922,22,7045,0.0,0,0,light,0,0,0.0,76,0,0
1923,23,7354,0.0,0,0,sphere,0,0,0.0,76,0,0
1924,24,7661,0.0,0,0,cigar,0,0,0.0,76,0,0
1925,25,7972,0.0,0,0,disk,0,0,0.0,76,0,0
1926,1,321,0.0,0,0,other,0,0,0.0,77,1,25
1927,2,634,0.0,0,0,disk,0,0,0.0,77,0,0
1928,3,959,0.0,0,0,other,0,0,0.0,77,0,0
1929,4,1270,0.0,0,0,oval,0,0,0.0,77,0,0
1930,5,1597,0.0,0,0,other,0,0,0.0,77,0,0
1931,6,1912,0.0,0,0,disk,0,0,0.0,77,0,0
1932,7,2220,0.0,0,0,disk,0,0,0.0,77,0,0
1933,8,2537,0.0,0,0,,0,0,0.0,77,0,0
1934,9,2858,0.0,0,0,disk,0,0,0.0,77,0,0
1935,10,3167,0.0,0,0,oval,1,1,1.0,77,0,0
1936,11,3488,0.0,0,0,circle,0,0,0.0,77,0,0
1937,12,3809,0.0,0,0,cylinder,0,0,0.0,77,0,0
1938,13,4124,0.0,0,0,disk,0,0,0.0,77,0,0
1939,14,4435,0.0,0,0,circle,0,0,0.0,77,0,0
1940,15,4750,0.0,0,0,cigar,0,0,0.0,77,0,0
1941,16,5063,0.0,0,0,other,0,0,0.0,77,0,0
1942,17,5378,0.0,0,0,disk,0,0,0.0,77,0,0
1943,18,5701,0.0,0,0,disk,0,0,0.0,77,0,0
1944,19,6020,0.0,0,0,,0,0,0.0,77,0,0
1945,20,6330,0.0,0,0,cigar,0,0,0.0,77,0,0
1946,21,6655,0.0,0,0,light,0,0,0.0,77,0,0
1947,22,6970,0.0,0,0,sphere,0,0,0.0,77,0,0
1948,23,7291,0.0,0,0,sphere,0,0,0.0,77,0,0
1949,24,7598,0.0,0,0,disk,0,0,0.0,77,0,0
1950,25,7915,0.0,0,0,oval,1,1,1.0,77,0,0
1951,1,317,0.0,0,0,disk,0,0,0.0,78,1,25
1952,2,640,0.0,0,0,disk,0,0,0.0,78,0,0
1953,3,961,0.0,0,0,disk,0,0,0.0,78,0,0
1954,4,1278,0.0,0,0,disk,0,0,0.0,78,0,0
1955,5,1591,0.0,0,0,disk,0,0,0.0,78,0,0
1956,6,1916,0.0,0,0,sphere,0,0,0.0,78,0,0
1957,7,2237,0.0,0,0,,0,0,0.0,78,0,0
1958,8,2550,0.0,0,0,other,0,0,0.0,78,0,0
1959,9,2883,0.0,0,0,fireball,0,0,0.0,78,0,0
1960,10,3193,0.0,0,0,sphere,0,0,0.0,78,0,0
1961,11,3522,0.0,0,0,,0,0,0.0,78,0,0
1962,12,3829,0.0,0,0,oval,0,0,0.0,78,0,0
1963,13,4146,0.0,0,0,cross,0,0,0.0,78,0,0
1964,14,4477,0.0,0,0,disk,0,0,0.0,78,0,0
1965,15,4806,0.0,0,0,,0,0,0.0,78,0,0
1966,16,5125,0.0,0,0,disk,0,0,0.0,78,0,0
1967,17,5440,0.0,0,0,cigar,0,0,0.0,78,0,0
1968,18,5755,0.0,0,0,disk,0,0,0.0,78,0,0
1969,19,6064,0.0,0,0,other,0,0,0.0,78,0,0
1970,20,6390,0.0,0,0,sphere,0,0,0.0,78,0,0
1971,21,6709,0.0,0,0,cigar,0,0,0.0,78,0,0
1972,22,7030,0.0,0,0,,0,0,0.0,78,0,0
1973,23,7351,0.0,0,0,light,0,0,0.0,78,0,0
1974,24,7676,0.0,0,0,,0,0,0.0,78,0,0
1975,25,7999,0.0,0,0,triangle,0,0,0.0,78,0,0
1976,1,315,0.0,0,0,light,0,0,0.0,79,1,25
1977,2,634,0.0,0,0,circle,0,0,0.0,79,0,0
1978,3,947,0.0,0,0,light,0,0,0.0,79,0,0
1979,4,1270,0.0,0,0,diamond,0,0,0.0,79,0,0
1980,5,1597,0.0,0,0,triangle,1,1,1.0,79,0,0
1981,6,1906,0.0,0,0,light,0,0,0.0,79,0,0
1982,7,2223,0.0,0,0,circle,0,0,0.0,79,0,0
1983,8,2534,0.0,0,0,disk,0,0,0.0,79,0,0
1984,9,2849,0.0,0,0,,0,0,0.0,79,0,0
1985,10,3172,0.0,0,0,disk,0,0,0.0,79,0,0
1986,11,3483,0.0,0,0,fireball,0,0,0.0,79,0,0
1987,12,3810,0.0,0,0,,0,0,0.0,79,0,0
1988,13,4115,0.0,0,0,oval,0,0,0.0,79,0,0
1989,14,4426,0.0,0,0,disk,0,0,0.0,79,0,0
1990,15,4731,0.0,0,0,disk,0,0,0.0,79,0,0
1991,16,5042,0.0,0,0,oval,0,0,0.0,79,0,0
1992,17,5363,0.0,0,0,fireball,0,0,0.0,79,0,0
1993,18,5680,0.0,0,0,,0,0,0.0,79,0,0
1994,19,5997,0.0,0,0,cigar,0,0,0.0,79,0,0
1995,20,6312,0.0,0,0,,0,0,0.0,79,0,0
1996,21,6625,0.0,0,0,light,0,0,0.0,79,0,0
1997,22,6942,0.0,0,0,disk,0,0,0.0,79,0,0
1998,23,7253,0.0,0,0,other,0,0,0.0,79,0,0
1999,24,7582,0.0,0,0,fireball,0,0,0.0,79,0,0
2000,25,7901,0.0,0,0,triangle,0,0,0.0,79,0,0
